plant_id,bus_id,Pg,Qg,Qmax,Qmin,Vg,mBase,status,Pmax,Pmin,Pc1,Pc2,Qc1min,Qc1max,Qc2min,Qc2max,ramp_agc,ramp_10,ramp_30,ramp_q,apf,mu_Pmax,mu_Pmin,mu_Qmax,mu_Qmin,type,interconnect,GenFuelCost,GenIOB,GenIOC,GenIOD,zone_id,zone_name,lat,lon
12875,3001004,158.25,-30.38,44.94,-30.38,1.01,253.2,1,211.0,0.0,0,0,0,0,0,0,0,0,0.0,0,211.0,0,0,0,0,wind,Texas,0.0,0.0,0.0,0,301,Far West,32.9264,-101.648
12876,3001006,25.73,-4.94,7.31,-4.94,1.0,41.16,1,34.3,0.0,0,0,0,0,0,0,0,0,0.0,0,34.3,0,0,0,0,wind,Texas,0.0,0.0,0.0,0,301,Far West,32.2075,-101.388
12877,3001009,61.87,-11.88,17.57,-11.88,1.0,99.0,1,82.5,0.0,0,0,0,0,0,0,0,0,0.0,0,82.5,0,0,0,0,wind,Texas,0.0,0.0,0.0,0,301,Far West,30.9315,-102.201
12878,3001011,9.99,0.0,0.0,0.0,1.0,12.0,1,10.0,0.0,0,0,0,0,0,0,0,0,0.0,0,10.0,0,0,0,0,solar,Texas,0.0,0.0,0.0,0,301,Far West,29.6,-104.3
12879,3001021,149.63,-28.73,42.49,-28.73,1.0,239.4,1,199.5,0.0,0,0,0,0,0,0,0,0,0.0,0,199.5,0,0,0,0,wind,Texas,0.0,0.0,0.0,0,301,Far West,31.9925,-101.117
12880,3001023,135.0,-1.36,38.34,-25.92,1.01,216.0,1,180.0,0.0,0,0,0,0,0,0,0,0,0.0,0,180.0,0,0,0,0,wind,Texas,0.0,0.0,0.0,0,301,Far West,32.929,-101.579
12881,3001026,93.15,-7.89,26.45,-17.88,1.0,149.04,1,124.2,0.0,0,0,0,0,0,0,0,0,0.0,0,124.2,0,0,0,0,wind,Texas,0.0,0.0,0.0,0,301,Far West,32.039,-101.22
12882,3001033,208.5,-40.03,59.21,-40.03,1.0,333.6,1,278.0,0.0,0,0,0,0,0,0,0,0,0.0,0,278.0,0,0,0,0,wind,Texas,0.0,0.0,0.0,0,301,Far West,31.2092,-102.242
12883,3001035,67.5,-12.96,19.17,-12.96,1.0,108.0,1,90.0,0.0,0,0,0,0,0,0,0,0,0.0,0,90.0,0,0,0,0,wind,Texas,0.0,0.0,0.0,0,301,Far West,31.9914,-101.303
12884,3001039,110.63,-21.24,31.42,-21.24,1.0,177.0,1,147.5,0.0,0,0,0,0,0,0,0,0,0.0,0,147.5,0,0,0,0,wind,Texas,0.0,0.0,0.0,0,301,Far West,30.7726,-102.506
12885,3001042,0.0,0.0,25.96,-17.55,1.0,146.28,0,121.9,0.0,0,0,0,0,0,0,0,0,0.0,0,121.9,0,0,0,0,wind,Texas,0.0,0.0,0.0,0,301,Far West,32.1408,-101.399
12886,3001043,44.1,-4.93,12.52,-8.47,1.0,70.56,1,58.8,0.0,0,0,0,0,0,0,0,0,0.0,0,58.8,0,0,0,0,wind,Texas,0.0,0.0,0.0,0,301,Far West,32.1408,-101.399
12887,3001048,0.0,0.0,165.53,-36.1,1.0,390.24,0,325.2,97.56,0,0,0,0,0,0,0,0,132.06,0,325.2,0,0,0,0,ng,Texas,5.08,5.0069,0.0004,0,301,Far West,31.5839,-102.963
12888,3001049,0.0,0.0,165.53,-36.1,1.0,390.24,0,325.2,97.56,0,0,0,0,0,0,0,0,132.06,0,325.2,0,0,0,0,ng,Texas,5.08,5.0069,0.0004,0,301,Far West,31.5839,-102.963
12889,3001050,89.27,-9.92,45.5,-9.92,1.0,107.28,1,89.4,26.82,0,0,0,0,0,0,0,0,44.7,0,89.4,0,0,0,0,ng,Texas,5.08,4.6909,0.0004,0,301,Far West,31.5839,-102.963
12890,3001051,89.27,-7.94,45.5,-9.92,1.0,107.28,1,89.4,26.82,0,0,0,0,0,0,0,0,44.7,0,89.4,0,0,0,0,ng,Texas,5.08,4.6909,0.0004,0,301,Far West,31.5839,-102.963
12891,3001052,89.27,-9.92,45.5,-9.92,1.0,107.28,1,89.4,26.82,0,0,0,0,0,0,0,0,44.7,0,89.4,0,0,0,0,ng,Texas,5.08,4.6909,0.0004,0,301,Far West,31.5839,-102.963
12892,3001053,0.0,0.0,91.01,-19.85,1.0,214.56,0,178.8,53.64,0,0,0,0,0,0,0,0,89.4,0,178.8,0,0,0,0,ng,Texas,5.08,4.8107,0.0004,0,301,Far West,31.5839,-102.963
12893,3001057,0.0,0.0,25.56,-17.28,1.0,144.0,0,120.0,0.0,0,0,0,0,0,0,0,0,0.0,0,120.0,0,0,0,0,wind,Texas,0.0,0.0,0.0,0,301,Far West,32.2353,-101.837
12894,3001059,0.0,0.0,2.85,-0.62,1.04,6.72,0,5.6,1.68,0,0,0,0,0,0,0,0,2.8,0,5.6,0,0,0,0,ng,Texas,5.08,4.5786,0.0004,0,301,Far West,30.8847,-101.921
12895,3001060,0.0,0.0,1.02,-0.22,1.04,2.4,0,2.0,0.6,0,0,0,0,0,0,0,0,1.0,0,2.0,0,0,0,0,ng,Texas,5.08,4.5738,0.0004,0,301,Far West,30.8847,-101.921
12896,3001062,0.0,0.0,0.0,0.0,1.01,1.8,0,1.5,0.0,0,0,0,0,0,0,0,0,0.0,0,1.5,0,0,0,0,solar,Texas,0.0,0.0,0.0,0,301,Far West,32.2732,-101.422
12897,3001063,0.0,0.0,0.0,0.0,1.01,276.0,0,230.0,0.0,0,0,0,0,0,0,0,0,0.0,0,230.0,0,0,0,0,solar,Texas,0.0,0.0,0.0,0,301,Far West,32.2732,-101.422
12898,3001066,106.88,-4.79,30.35,-20.52,1.0,171.0,1,142.5,0.0,0,0,0,0,0,0,0,0,0.0,0,142.5,0,0,0,0,wind,Texas,0.0,0.0,0.0,0,301,Far West,32.1008,-101.451
12899,3001070,120.38,16.42,34.19,-23.11,1.04,192.6,1,160.5,0.0,0,0,0,0,0,0,0,0,0.0,0,160.5,0,0,0,0,wind,Texas,0.0,0.0,0.0,0,301,Far West,30.9178,-102.087
12900,3001072,191.85,10.71,97.8,-21.33,1.01,230.56,1,192.13,57.64,0,0,0,0,0,0,0,0,96.06,0,192.13,0,0,0,0,ng,Texas,5.08,4.8286,0.0004,0,301,Far West,31.8403,-102.326
12901,3001073,191.85,23.64,97.8,-21.33,1.01,230.56,1,192.13,57.64,0,0,0,0,0,0,0,0,96.06,0,192.13,0,0,0,0,ng,Texas,5.08,4.8286,0.0004,0,301,Far West,31.8403,-102.326
12902,3001074,191.85,18.7,97.8,-21.33,1.01,230.56,1,192.13,57.64,0,0,0,0,0,0,0,0,96.06,0,192.13,0,0,0,0,ng,Texas,5.08,4.8286,0.0004,0,301,Far West,31.8403,-102.326
12903,3001075,191.85,17.01,97.8,-21.33,1.01,230.56,1,192.13,57.64,0,0,0,0,0,0,0,0,96.06,0,192.13,0,0,0,0,ng,Texas,5.08,4.8286,0.0004,0,301,Far West,31.8403,-102.326
12904,3001076,0.0,0.0,97.8,-21.33,1.01,230.56,0,192.13,57.64,0,0,0,0,0,0,0,0,96.06,0,192.13,0,0,0,0,ng,Texas,5.08,4.8286,0.0004,0,301,Far West,31.8403,-102.326
12905,3001077,0.0,0.0,97.8,-21.33,1.01,230.56,0,192.13,57.64,0,0,0,0,0,0,0,0,96.06,0,192.13,0,0,0,0,ng,Texas,5.08,4.8286,0.0004,0,301,Far West,31.8403,-102.326
12906,3001078,95.36,9.08,48.61,-10.6,1.01,114.6,1,95.5,28.65,0,0,0,0,0,0,0,0,47.75,0,95.5,0,0,0,0,ng,Texas,5.08,4.6991,0.0004,0,301,Far West,31.8403,-102.326
12907,3001079,95.36,-10.6,48.61,-10.6,1.01,114.6,1,95.5,28.65,0,0,0,0,0,0,0,0,47.75,0,95.5,0,0,0,0,ng,Texas,5.08,4.6991,0.0004,0,301,Far West,31.8403,-102.326
12908,3001080,95.36,6.37,48.61,-10.6,1.01,114.6,1,95.5,28.65,0,0,0,0,0,0,0,0,47.75,0,95.5,0,0,0,0,ng,Texas,5.08,4.6991,0.0004,0,301,Far West,31.8403,-102.326
12909,3001081,0.0,0.0,145.83,-31.8,1.01,343.8,0,286.5,85.95,0,0,0,0,0,0,0,0,124.66,0,286.5,0,0,0,0,ng,Texas,5.08,4.955,0.0004,0,301,Far West,31.8403,-102.326
12910,3001082,112.5,-21.6,31.95,-21.6,1.0,180.0,1,150.0,0.0,0,0,0,0,0,0,0,0,0.0,0,150.0,0,0,0,0,wind,Texas,0.0,0.0,0.0,0,301,Far West,30.8073,-102.356
12911,3001084,86.62,24.6,24.6,-16.63,1.04,138.6,1,115.5,0.0,0,0,0,0,0,0,0,0,0.0,0,115.5,0,0,0,0,wind,Texas,0.0,0.0,0.0,0,301,Far West,31.9361,-101.298
12912,3001088,56.25,-8.13,15.97,-10.8,1.0,90.0,1,75.0,0.0,0,0,0,0,0,0,0,0,0.0,0,75.0,0,0,0,0,wind,Texas,0.0,0.0,0.0,0,301,Far West,31.1392,-102.225
12913,3001090,114.37,9.6,32.48,-21.96,1.02,183.0,1,152.5,0.0,0,0,0,0,0,0,0,0,0.0,0,152.5,0,0,0,0,wind,Texas,0.0,0.0,0.0,0,301,Far West,31.995,-102.828
12914,3001090,27.0,7.67,7.67,-5.18,1.02,43.2,1,36.0,0.0,0,0,0,0,0,0,0,0,0.0,0,36.0,0,0,0,0,wind,Texas,0.0,0.0,0.0,0,301,Far West,31.995,-102.828
12915,3002004,0.0,0.0,199.43,-43.49,1.02,470.16,0,391.8,117.54,0,0,0,0,0,0,0,0,139.54,0,391.8,0,0,0,0,ng,Texas,7.361,5.0961,0.0004,0,302,North,33.6281,-96.3676
12916,3002005,0.0,0.0,199.43,-43.49,1.02,470.16,0,391.8,117.54,0,0,0,0,0,0,0,0,139.54,0,391.8,0,0,0,0,ng,Texas,7.361,5.0961,0.0004,0,302,North,33.6281,-96.3676
12917,3002006,0.0,0.0,199.43,-43.49,1.02,470.16,0,391.8,117.54,0,0,0,0,0,0,0,0,139.54,0,391.8,0,0,0,0,ng,Texas,7.361,5.0961,0.0004,0,302,North,33.6281,-96.3676
12918,3002013,150.45,-28.89,42.73,-28.89,1.0,240.72,1,200.6,0.0,0,0,0,0,0,0,0,0,0.0,0,200.6,0,0,0,0,wind,Texas,0.0,0.0,0.0,0,302,North,35.2383,-101.311
12919,3002019,0.0,0.0,46.43,-31.39,1.04,261.6,0,218.0,0.0,0,0,0,0,0,0,0,0,0.0,0,218.0,0,0,0,0,wind,Texas,0.0,0.0,0.0,0,302,North,35.4275,-101.253
12920,3002023,83.21,3.63,42.42,-9.25,1.02,100.0,1,83.33,25.0,0,0,0,0,0,0,0,0,41.66,0,83.33,0,0,0,0,ng,Texas,4.95,4.6828,0.0004,0,302,North,33.6968,-95.5577
12921,3002024,166.42,6.12,84.83,-18.5,1.02,200.0,1,166.67,50.0,0,0,0,0,0,0,0,0,83.33,0,166.67,0,0,0,0,ng,Texas,4.95,4.7945,0.0004,0,302,North,33.6968,-95.5577
12922,3002042,59.7,-11.46,16.95,-11.46,1.01,95.52,1,79.6,0.0,0,0,0,0,0,0,0,0,0.0,0,79.6,0,0,0,0,wind,Texas,0.0,0.0,0.0,0,302,North,35.386,-101.579
12923,3002056,0.0,0.0,2.8,-0.73,0.99,7.2,0,6.0,1.8,0,0,0,0,0,0,0,0,2.4,0,6.0,0,0,0,0,coal,Texas,2.542,8.0169,0.0008,0,302,North,33.9133,-98.4931
12924,3002057,579.67,-79.15,335.52,-87.84,0.99,864.0,1,720.0,216.0,0,0,0,0,0,0,0,0,210.0,0,720.0,0,0,0,0,coal,Texas,2.542,8.0169,0.0008,0,302,North,33.9133,-98.4931
12925,3002059,60.0,-11.52,17.04,-11.52,1.0,96.0,1,80.0,0.0,0,0,0,0,0,0,0,0,0.0,0,80.0,0,0,0,0,wind,Texas,0.0,0.0,0.0,0,302,North,35.4789,-101.244
12926,3002062,101.55,-15.32,28.84,-19.5,1.02,162.48,1,135.4,0.0,0,0,0,0,0,0,0,0,0.0,0,135.4,0,0,0,0,wind,Texas,0.0,0.0,0.0,0,302,North,34.29,-99.3647
12927,3002071,112.5,-5.4,31.95,-21.6,1.0,180.0,1,150.0,0.0,0,0,0,0,0,0,0,0,0.0,0,150.0,0,0,0,0,wind,Texas,0.0,0.0,0.0,0,302,North,33.4931,-98.5819
12928,3002076,22.5,6.39,6.39,-4.32,1.04,36.0,1,30.0,0.0,0,0,0,0,0,0,0,0,0.0,0,30.0,0,0,0,0,wind,Texas,0.0,0.0,0.0,0,302,North,32.9697,-100.524
12929,3002078,84.38,-8.99,23.96,-16.2,1.02,135.0,1,112.5,0.0,0,0,0,0,0,0,0,0,0.0,0,112.5,0,0,0,0,wind,Texas,0.0,0.0,0.0,0,302,North,33.733,-97.4284
12930,3002083,19.97,7.32,10.18,-2.22,1.02,24.0,1,20.0,6.0,0,0,0,0,0,0,0,0,10.0,0,20.0,0,0,0,0,ng,Texas,4.758,4.5979,0.0004,0,302,North,33.8625,-98.5894
12931,3002084,0.0,0.0,10.18,-2.22,1.02,24.0,0,20.0,6.0,0,0,0,0,0,0,0,0,10.0,0,20.0,0,0,0,0,ng,Texas,4.758,4.5979,0.0004,0,302,North,33.8625,-98.5894
12932,3002085,0.0,0.0,20.36,-4.44,1.02,48.0,0,40.0,12.0,0,0,0,0,0,0,0,0,20.0,0,40.0,0,0,0,0,ng,Texas,4.758,4.6247,0.0004,0,302,North,33.8625,-98.5894
12933,3002089,50.7,-1.65,14.4,-9.73,1.0,81.12,1,67.6,0.0,0,0,0,0,0,0,0,0,0.0,0,67.6,0,0,0,0,wind,Texas,0.0,0.0,0.0,0,302,North,33.4953,-98.5
12934,3002094,0.0,0.0,2.13,-1.44,1.0,12.0,0,10.0,0.0,0,0,0,0,0,0,0,0,0.0,0,10.0,0,0,0,0,wind,Texas,0.0,0.0,0.0,0,302,North,35.3503,-101.54
12935,3002095,0.0,0.0,16.93,-11.45,1.0,95.4,0,79.5,0.0,0,0,0,0,0,0,0,0,0.0,0,79.5,0,0,0,0,wind,Texas,0.0,0.0,0.0,0,302,North,35.3503,-101.54
12936,3002099,7.5,-1.44,2.13,-1.44,1.02,12.0,1,10.0,0.0,0,0,0,0,0,0,0,0,0.0,0,10.0,0,0,0,0,wind,Texas,0.0,0.0,0.0,0,302,North,33.6611,-101.39
12937,3002100,112.5,-21.6,31.95,-21.6,1.02,180.0,1,150.0,0.0,0,0,0,0,0,0,0,0,0.0,0,150.0,0,0,0,0,wind,Texas,0.0,0.0,0.0,0,302,North,33.6611,-101.39
12938,3002103,0.0,0.0,136.28,-29.72,1.0,321.28,0,267.73,80.32,0,0,0,0,0,0,0,0,120.26,0,267.73,0,0,0,0,ng,Texas,7.361,4.9299,0.0004,0,302,North,33.5826,-96.6179
12939,3002104,0.0,0.0,136.28,-29.72,1.0,321.28,0,267.73,80.32,0,0,0,0,0,0,0,0,120.26,0,267.73,0,0,0,0,ng,Texas,7.361,4.9299,0.0004,0,302,North,33.5826,-96.6179
12940,3002105,0.0,0.0,136.28,-29.72,1.0,321.28,0,267.73,80.32,0,0,0,0,0,0,0,0,120.26,0,267.73,0,0,0,0,ng,Texas,7.361,4.9299,0.0004,0,302,North,33.5826,-96.6179
12941,3002115,184.45,-20.5,94.02,-20.5,1.0,221.66,1,184.72,55.41,0,0,0,0,0,0,0,0,92.36,0,184.72,0,0,0,0,ng,Texas,4.95,4.8187,0.0004,0,302,North,33.6308,-95.59
12942,3002116,184.45,-20.5,94.02,-20.5,1.0,221.66,1,184.72,55.41,0,0,0,0,0,0,0,0,92.36,0,184.72,0,0,0,0,ng,Texas,4.95,4.8187,0.0004,0,302,North,33.6308,-95.59
12943,3002117,184.45,-20.5,94.02,-20.5,1.0,221.66,1,184.72,55.41,0,0,0,0,0,0,0,0,92.36,0,184.72,0,0,0,0,ng,Texas,4.95,4.8187,0.0004,0,302,North,33.6308,-95.59
12944,3002118,184.45,-20.5,94.02,-20.5,1.0,221.66,1,184.72,55.41,0,0,0,0,0,0,0,0,92.36,0,184.72,0,0,0,0,ng,Texas,4.95,4.8187,0.0004,0,302,North,33.6308,-95.59
12945,3002119,184.45,-20.5,94.02,-20.5,1.0,221.66,1,184.72,55.41,0,0,0,0,0,0,0,0,92.36,0,184.72,0,0,0,0,ng,Texas,4.95,4.8187,0.0004,0,302,North,33.6308,-95.59
12946,3002120,184.45,-13.02,94.02,-20.5,1.01,221.66,1,184.72,55.41,0,0,0,0,0,0,0,0,92.36,0,184.72,0,0,0,0,ng,Texas,4.95,4.8187,0.0004,0,302,North,33.6308,-95.59
12947,3002123,136.28,-26.16,38.7,-26.16,1.0,218.04,1,181.7,0.0,0,0,0,0,0,0,0,0,0.0,0,181.7,0,0,0,0,wind,Texas,0.0,0.0,0.0,0,302,North,35.4428,-101.373
12948,3002127,216.45,61.47,61.47,-41.56,1.04,346.32,1,288.6,0.0,0,0,0,0,0,0,0,0,0.0,0,288.6,0,0,0,0,wind,Texas,0.0,0.0,0.0,0,302,North,35.6539,-100.539
12949,3003004,28.13,-5.4,7.99,-5.4,1.0,45.0,1,37.5,0.0,0,0,0,0,0,0,0,0,0.0,0,37.5,0,0,0,0,wind,Texas,0.0,0.0,0.0,0,303,West,32.3606,-100.339
12950,3003017,127.13,-3.11,36.1,-24.41,1.01,203.4,1,169.5,0.0,0,0,0,0,0,0,0,0,0.0,0,169.5,0,0,0,0,wind,Texas,0.0,0.0,0.0,0,303,West,32.1981,-100.269
12951,3003020,112.5,-0.04,31.95,-21.6,1.03,180.0,1,150.0,0.0,0,0,0,0,0,0,0,0,0.0,0,150.0,0,0,0,0,wind,Texas,0.0,0.0,0.0,0,303,West,31.0854,-100.679
12952,3003028,150.0,30.9,42.6,-28.8,1.04,240.0,1,200.0,0.0,0,0,0,0,0,0,0,0,0.0,0,200.0,0,0,0,0,wind,Texas,0.0,0.0,0.0,0,303,West,32.6256,-99.4928
12953,3003034,97.87,16.69,27.8,-18.79,1.03,156.6,1,130.5,0.0,0,0,0,0,0,0,0,0,0.0,0,130.5,0,0,0,0,wind,Texas,0.0,0.0,0.0,0,303,West,32.7204,-100.995
12954,3003039,156.75,32.46,44.52,-30.1,1.04,250.8,1,209.0,0.0,0,0,0,0,0,0,0,0,0.0,0,209.0,0,0,0,0,wind,Texas,0.0,0.0,0.0,0,303,West,32.4694,-100.666
12955,3003043,0.0,0.0,0.66,-0.14,1.04,1.56,0,1.3,0.39,0,0,0,0,0,0,0,0,0.65,0,1.3,0,0,0,0,ng,Texas,5.728,4.5729,0.0004,0,303,West,32.05,-100.692
12956,3003044,0.0,0.0,45.5,-9.92,1.04,107.28,0,89.4,26.82,0,0,0,0,0,0,0,0,44.7,0,89.4,0,0,0,0,ng,Texas,5.728,4.6909,0.0004,0,303,West,32.05,-100.692
12957,3003045,0.0,0.0,227.52,-49.62,1.04,536.4,0,447.0,134.1,0,0,0,0,0,0,0,0,140.69,0,447.0,0,0,0,0,ng,Texas,5.728,5.1701,0.0004,0,303,West,32.05,-100.692
12958,3003048,180.75,51.33,51.33,-34.7,1.04,289.2,1,241.0,0.0,0,0,0,0,0,0,0,0,0.0,0,241.0,0,0,0,0,wind,Texas,0.0,0.0,0.0,0,303,West,32.3122,-100.53
12959,3003055,183.88,29.03,52.22,-35.3,1.04,294.2,1,245.17,0.0,0,0,0,0,0,0,0,0,0.0,0,245.17,0,0,0,0,wind,Texas,0.0,0.0,0.0,0,303,West,32.214,-100.057
12960,3003056,183.88,20.55,52.22,-35.3,1.04,294.2,1,245.17,0.0,0,0,0,0,0,0,0,0,0.0,0,245.17,0,0,0,0,wind,Texas,0.0,0.0,0.0,0,303,West,32.214,-100.057
12961,3003057,183.88,18.83,52.22,-35.3,1.04,294.2,1,245.17,0.0,0,0,0,0,0,0,0,0,0.0,0,245.17,0,0,0,0,wind,Texas,0.0,0.0,0.0,0,303,West,32.214,-100.057
12962,3003060,124.22,10.79,35.28,-23.85,1.04,198.75,1,165.63,0.0,0,0,0,0,0,0,0,0,0.0,0,165.63,0,0,0,0,wind,Texas,0.0,0.0,0.0,0,303,West,31.9261,-100.928
12963,3003061,124.22,10.59,35.28,-23.85,1.04,198.75,1,165.63,0.0,0,0,0,0,0,0,0,0,0.0,0,165.63,0,0,0,0,wind,Texas,0.0,0.0,0.0,0,303,West,31.9261,-100.928
12964,3003062,124.22,12.87,35.28,-23.85,1.04,198.75,1,165.63,0.0,0,0,0,0,0,0,0,0,0.0,0,165.63,0,0,0,0,wind,Texas,0.0,0.0,0.0,0,303,West,31.9261,-100.928
12965,3003063,124.22,10.23,35.28,-23.85,1.04,198.75,1,165.63,0.0,0,0,0,0,0,0,0,0,0.0,0,165.63,0,0,0,0,wind,Texas,0.0,0.0,0.0,0,303,West,31.9261,-100.928
12966,3003065,60.37,-11.59,17.15,-11.59,1.0,96.6,1,80.5,0.0,0,0,0,0,0,0,0,0,0.0,0,80.5,0,0,0,0,wind,Texas,0.0,0.0,0.0,0,303,West,32.2369,-100.483
12967,3003068,112.5,22.42,31.95,-21.6,1.04,180.0,1,150.0,0.0,0,0,0,0,0,0,0,0,0.0,0,150.0,0,0,0,0,wind,Texas,0.0,0.0,0.0,0,303,West,32.4301,-100.236
12968,3003071,127.65,-24.51,36.25,-24.51,1.0,204.24,1,170.2,0.0,0,0,0,0,0,0,0,0,0.0,0,170.2,0,0,0,0,wind,Texas,0.0,0.0,0.0,0,303,West,32.2878,-100.1
12969,3003074,74.85,-7.15,21.26,-14.37,1.0,119.76,1,99.8,0.0,0,0,0,0,0,0,0,0,0.0,0,99.8,0,0,0,0,wind,Texas,0.0,0.0,0.0,0,303,West,29.2347,-100.209
12970,3003081,186.75,25.43,53.04,-35.86,1.04,298.8,1,249.0,0.0,0,0,0,0,0,0,0,0,0.0,0,249.0,0,0,0,0,wind,Texas,0.0,0.0,0.0,0,303,West,32.5886,-100.673
12971,3003084,174.37,-14.09,49.52,-33.48,1.0,279.0,1,232.5,0.0,0,0,0,0,0,0,0,0,0.0,0,232.5,0,0,0,0,wind,Texas,0.0,0.0,0.0,0,303,West,32.3182,-100.177
12972,3003086,56.25,-2.4,15.97,-10.8,1.0,90.0,1,75.0,0.0,0,0,0,0,0,0,0,0,0.0,0,75.0,0,0,0,0,wind,Texas,0.0,0.0,0.0,0,303,West,32.4375,-100.744
12973,3003087,0.0,0.0,15.97,-10.8,1.0,90.0,0,75.0,0.0,0,0,0,0,0,0,0,0,0.0,0,75.0,0,0,0,0,wind,Texas,0.0,0.0,0.0,0,303,West,32.4375,-100.744
12974,3003092,150.0,18.47,42.6,-28.8,1.04,240.0,1,200.0,0.0,0,0,0,0,0,0,0,0,0.0,0,200.0,0,0,0,0,wind,Texas,0.0,0.0,0.0,0,303,West,32.5144,-99.6564
12975,3003095,90.45,17.28,25.69,-17.37,1.04,144.72,1,120.6,0.0,0,0,0,0,0,0,0,0,0.0,0,120.6,0,0,0,0,wind,Texas,0.0,0.0,0.0,0,303,West,32.3116,-100.062
12976,3003098,120.0,16.96,34.08,-23.04,1.04,192.0,1,160.0,0.0,0,0,0,0,0,0,0,0,0.0,0,160.0,0,0,0,0,wind,Texas,0.0,0.0,0.0,0,303,West,32.9479,-101.148
12977,3003105,44.5,-0.74,17.07,-0.74,1.0,18.0,1,44.5,0.0,0,0,0,0,0,0,0,0,0.0,0,15.0,0,0,0,0,hydro,Texas,0.0,0.0,0.0,0,303,West,30.7316,-98.3854
12978,3003106,53.02,-2.69,62.48,-2.69,1.0,65.88,1,18.5,0.0,0,0,0,0,0,0,0,0,0.0,0,54.9,0,0,0,0,hydro,Texas,0.0,0.0,0.0,0,303,West,30.7316,-98.3854
12979,3003110,63.0,11.52,17.89,-12.1,1.04,100.8,1,84.0,0.0,0,0,0,0,0,0,0,0,0.0,0,84.0,0,0,0,0,wind,Texas,0.0,0.0,0.0,0,303,West,32.9254,-101.219
12980,3003112,56.1,-4.0,15.93,-10.77,1.0,89.76,1,74.8,0.0,0,0,0,0,0,0,0,0,0.0,0,74.8,0,0,0,0,wind,Texas,0.0,0.0,0.0,0,303,West,31.9519,-100.791
12981,3003113,56.1,-3.31,15.93,-10.77,1.0,89.76,1,74.8,0.0,0,0,0,0,0,0,0,0,0.0,0,74.8,0,0,0,0,wind,Texas,0.0,0.0,0.0,0,303,West,31.9519,-100.791
12982,3003117,47.25,-5.59,13.42,-9.07,1.0,75.6,1,63.0,0.0,0,0,0,0,0,0,0,0,0.0,0,63.0,0,0,0,0,wind,Texas,0.0,0.0,0.0,0,303,West,32.7393,-100.739
12983,3003118,90.0,-9.26,25.56,-17.28,1.0,144.0,1,120.0,0.0,0,0,0,0,0,0,0,0,0.0,0,120.0,0,0,0,0,wind,Texas,0.0,0.0,0.0,0,303,West,32.7393,-100.739
12984,3003120,29.7,0.0,0.0,0.0,1.0,47.52,1,39.6,0.0,0,0,0,0,0,0,0,0,0.0,0,39.6,0,0,0,0,solar,Texas,0.0,0.0,0.0,0,303,West,29.3289,-100.384
12985,3003122,147.75,-14.42,41.96,-28.37,1.0,236.4,1,197.0,0.0,0,0,0,0,0,0,0,0,0.0,0,197.0,0,0,0,0,wind,Texas,0.0,0.0,0.0,0,303,West,32.4969,-100.58
12986,3003127,101.25,-19.44,28.76,-19.44,1.0,162.0,1,135.0,0.0,0,0,0,0,0,0,0,0,0.0,0,135.0,0,0,0,0,wind,Texas,0.0,0.0,0.0,0,303,West,32.2908,-100.422
12987,3003129,94.88,-18.22,26.94,-18.22,1.0,151.8,1,126.5,0.0,0,0,0,0,0,0,0,0,0.0,0,126.5,0,0,0,0,wind,Texas,0.0,0.0,0.0,0,303,West,32.3983,-100.648
12988,3003131,85.5,6.75,24.28,-16.42,1.02,136.8,1,114.0,0.0,0,0,0,0,0,0,0,0,0.0,0,114.0,0,0,0,0,wind,Texas,0.0,0.0,0.0,0,303,West,32.3039,-100.022
12989,3003133,0.0,0.0,26.11,-5.69,1.04,61.56,0,51.3,15.39,0,0,0,0,0,0,0,0,25.65,0,51.3,0,0,0,0,ng,Texas,5.728,4.6399,0.0004,0,303,West,32.7471,-100.955
12990,3003133,0.0,0.0,26.11,-5.69,1.04,61.56,0,51.3,15.39,0,0,0,0,0,0,0,0,25.65,0,51.3,0,0,0,0,ng,Texas,5.728,4.6399,0.0004,0,303,West,32.7471,-100.955
12991,3003133,0.0,0.0,26.11,-5.69,1.04,61.56,0,51.3,15.39,0,0,0,0,0,0,0,0,25.65,0,51.3,0,0,0,0,ng,Texas,5.728,4.6399,0.0004,0,303,West,32.7471,-100.955
12992,3003137,75.9,21.56,21.56,-14.57,1.03,121.44,1,101.2,0.0,0,0,0,0,0,0,0,0,0.0,0,101.2,0,0,0,0,wind,Texas,0.0,0.0,0.0,0,303,West,32.4081,-100.129
12993,3003141,68.62,-13.18,19.49,-13.18,1.0,109.8,1,91.5,0.0,0,0,0,0,0,0,0,0,0.0,0,91.5,0,0,0,0,wind,Texas,0.0,0.0,0.0,0,303,West,32.3472,-100.37
12994,3004010,151.2,9.12,42.94,-29.03,1.03,241.92,1,201.6,0.0,0,0,0,0,0,0,0,0,0.0,0,201.6,0,0,0,0,wind,Texas,0.0,0.0,0.0,0,304,South,27.0702,-97.5077
12995,3004026,409.4,42.35,191.06,-50.02,1.03,492.0,1,410.0,123.0,0,0,0,0,0,0,0,0,146.06,0,410.0,0,0,0,0,coal,Texas,2.528,8.0169,0.0008,0,304,South,28.7044,-98.4775
12996,3004030,465.83,-41.42,290.04,-75.93,1.01,746.88,1,622.4,186.72,0,0,0,0,0,0,0,0,194.19,0,622.4,0,0,0,0,coal,Texas,2.528,8.0169,0.0008,0,304,South,28.7128,-97.2142
12997,3004045,93.4,5.86,35.86,-1.54,1.02,37.8,1,36.0,0.0,0,0,0,0,0,0,0,0,0.0,0,31.5,0,0,0,0,hydro,Texas,0.0,0.0,0.0,0,304,South,26.5575,-99.1642
12998,3004046,28.5,0.91,10.94,-0.47,1.02,11.52,1,9.6,0.0,0,0,0,0,0,0,0,0,0.0,0,9.6,0,0,0,0,hydro,Texas,0.0,0.0,0.0,0,304,South,26.5575,-99.1642
12999,3004047,27.48,0.6,75.1,-3.23,1.02,79.2,1,195.7,0.0,0,0,0,0,0,0,0,0,97.85,0,66.0,0,0,0,0,ng,Texas,4.866,4.899,0.000224,0,304,South,26.5575,-99.1642
13000,3004050,150.0,-28.8,42.6,-28.8,1.0,240.0,1,200.0,0.0,0,0,0,0,0,0,0,0,0.0,0,200.0,0,0,0,0,wind,Texas,0.0,0.0,0.0,0,304,South,26.3307,-97.5857
13001,3004052,44.13,22.5,22.5,-4.91,1.04,53.04,1,44.2,13.26,0,0,0,0,0,0,0,0,22.1,0,44.2,0,0,0,0,ng,Texas,4.93,4.6304,0.0004,0,304,South,27.5697,-97.8228
13002,3004058,100.82,14.7,73.3,-15.98,1.03,172.8,1,144.0,43.2,0,0,0,0,0,0,0,0,72.0,0,144.0,0,0,0,0,ng,Texas,4.93,4.7641,0.0004,0,304,South,27.8893,-97.2584
13003,3004059,85.3,15.12,73.3,-15.98,1.03,172.8,1,144.0,43.2,0,0,0,0,0,0,0,0,72.0,0,144.0,0,0,0,0,ng,Texas,4.93,4.7641,0.0004,0,304,South,27.8893,-97.2584
13004,3004060,125.62,12.99,73.3,-15.98,1.03,172.8,1,144.0,43.2,0,0,0,0,0,0,0,0,72.0,0,144.0,0,0,0,0,ng,Texas,4.93,4.7641,0.0004,0,304,South,27.8893,-97.2584
13005,3004061,150.33,16.74,87.72,-19.13,1.03,206.8,1,172.33,51.7,0,0,0,0,0,0,0,0,86.17,0,172.33,0,0,0,0,ng,Texas,4.93,4.8021,0.0004,0,304,South,27.8893,-97.2584
13006,3004062,172.08,14.76,87.72,-19.13,1.03,206.8,1,172.33,51.7,0,0,0,0,0,0,0,0,86.17,0,172.33,0,0,0,0,ng,Texas,4.93,4.8021,0.0004,0,304,South,27.8893,-97.2584
13007,3004063,126.2,16.97,87.72,-19.13,1.03,206.8,1,172.33,51.7,0,0,0,0,0,0,0,0,86.17,0,172.33,0,0,0,0,ng,Texas,4.93,4.8021,0.0004,0,304,South,27.8893,-97.2584
13008,3004065,46.93,9.84,23.92,-5.22,1.02,56.4,1,47.0,14.1,0,0,0,0,0,0,0,0,23.5,0,47.0,0,0,0,0,ng,Texas,4.93,4.6341,0.0004,0,304,South,27.8322,-97.5281
13009,3004075,0.0,0.0,89.75,-19.57,1.03,211.6,0,176.33,52.9,0,0,0,0,0,0,0,0,88.17,0,176.33,0,0,0,0,ng,Texas,8.255,4.8074,0.0004,0,304,South,26.208,-98.3992
13010,3004076,176.07,22.29,89.75,-19.57,1.03,211.6,1,176.33,52.9,0,0,0,0,0,0,0,0,88.17,0,176.33,0,0,0,0,ng,Texas,8.255,4.8074,0.0004,0,304,South,26.208,-98.3992
13011,3004077,98.55,16.9,89.75,-19.57,1.03,211.6,1,176.33,52.9,0,0,0,0,0,0,0,0,88.17,0,176.33,0,0,0,0,ng,Texas,8.255,4.8074,0.0004,0,304,South,26.208,-98.3992
13012,3004082,243.04,26.69,123.89,-27.02,1.04,292.08,1,243.4,73.02,0,0,0,0,0,0,0,0,113.78,0,243.4,0,0,0,0,ng,Texas,4.93,4.8973,0.0004,0,304,South,27.6064,-97.3117
13013,3004083,243.04,27.21,123.89,-27.02,1.04,292.08,1,243.4,73.02,0,0,0,0,0,0,0,0,113.78,0,243.4,0,0,0,0,ng,Texas,4.93,4.8973,0.0004,0,304,South,27.6064,-97.3117
13014,3004084,243.04,40.3,123.89,-27.02,1.04,292.08,1,243.4,73.02,0,0,0,0,0,0,0,0,113.78,0,243.4,0,0,0,0,ng,Texas,4.93,4.8973,0.0004,0,304,South,27.6064,-97.3117
13015,3004085,171.03,41.93,179.17,-39.07,1.04,422.4,1,352.0,105.6,0,0,0,0,0,0,0,0,135.87,0,352.0,0,0,0,0,ng,Texas,4.93,5.0428,0.0004,0,304,South,27.6064,-97.3117
13016,3004090,0.0,0.0,0.65,-0.17,1.01,1.68,0,1.4,0.42,0,0,0,0,0,0,0,0,0.56,0,1.4,0,0,0,0,coal,Texas,2.528,8.0169,0.0008,0,304,South,26.2697,-97.867
13017,3004091,23.47,-1.01,10.95,-2.87,1.01,28.2,1,23.5,7.05,0,0,0,0,0,0,0,0,9.4,0,23.5,0,0,0,0,coal,Texas,2.528,8.0169,0.0008,0,304,South,26.2697,-97.867
13018,3004092,0.0,0.0,3.54,-0.93,1.01,9.12,0,7.6,2.28,0,0,0,0,0,0,0,0,3.04,0,7.6,0,0,0,0,coal,Texas,2.528,8.0169,0.0008,0,304,South,26.2697,-97.867
13019,3004093,27.96,-1.55,13.05,-3.42,1.01,33.6,1,28.0,8.4,0,0,0,0,0,0,0,0,11.2,0,28.0,0,0,0,0,coal,Texas,2.528,8.0169,0.0008,0,304,South,26.2697,-97.867
13020,3004094,27.96,-2.66,13.05,-3.42,1.01,33.6,1,28.0,8.4,0,0,0,0,0,0,0,0,11.2,0,28.0,0,0,0,0,coal,Texas,2.528,8.0169,0.0008,0,304,South,26.2697,-97.867
13021,3004095,27.96,-1.57,13.05,-3.42,1.01,33.6,1,28.0,8.4,0,0,0,0,0,0,0,0,11.2,0,28.0,0,0,0,0,coal,Texas,2.528,8.0169,0.0008,0,304,South,26.2697,-97.867
13022,3004096,0.0,0.0,13.05,-3.42,1.01,33.6,0,28.0,8.4,0,0,0,0,0,0,0,0,11.2,0,28.0,0,0,0,0,coal,Texas,2.528,8.0169,0.0008,0,304,South,26.2697,-97.867
13023,3004097,27.96,-1.41,13.05,-3.42,1.01,33.6,1,28.0,8.4,0,0,0,0,0,0,0,0,11.2,0,28.0,0,0,0,0,coal,Texas,2.528,8.0169,0.0008,0,304,South,26.2697,-97.867
13024,3004098,0.0,0.0,13.05,-3.42,1.01,33.6,0,28.0,8.4,0,0,0,0,0,0,0,0,11.2,0,28.0,0,0,0,0,coal,Texas,2.528,8.0169,0.0008,0,304,South,26.2697,-97.867
13025,3004105,135.0,13.1,38.34,-25.92,1.01,216.0,1,180.0,0.0,0,0,0,0,0,0,0,0,0.0,0,180.0,0,0,0,0,wind,Texas,0.0,0.0,0.0,0,304,South,27.9386,-97.4586
13026,3004115,131.61,25.73,67.09,-14.63,1.04,158.16,1,131.8,39.54,0,0,0,0,0,0,0,0,65.9,0,131.8,0,0,0,0,ng,Texas,8.255,4.7477,0.0004,0,304,South,27.5667,-99.5089
13027,3004116,124.88,23.21,67.09,-14.63,1.04,158.16,1,131.8,39.54,0,0,0,0,0,0,0,0,65.9,0,131.8,0,0,0,0,ng,Texas,8.255,4.7477,0.0004,0,304,South,27.5667,-99.5089
13028,3004133,0.0,0.0,17.1,-3.73,1.0,40.32,0,33.6,10.08,0,0,0,0,0,0,0,0,16.8,0,33.6,0,0,0,0,ng,Texas,8.255,4.6162,0.0004,0,304,South,28.9275,-99.0919
13029,3004134,10.49,-3.73,17.1,-3.73,1.0,40.32,1,33.6,10.08,0,0,0,0,0,0,0,0,16.8,0,33.6,0,0,0,0,ng,Texas,8.255,4.6162,0.0004,0,304,South,28.9275,-99.0919
13030,3004135,10.49,-3.73,17.1,-3.73,1.0,40.32,1,33.6,10.08,0,0,0,0,0,0,0,0,16.8,0,33.6,0,0,0,0,ng,Texas,8.255,4.6162,0.0004,0,304,South,28.9275,-99.0919
13031,3004136,10.49,-3.73,17.1,-3.73,1.0,40.32,1,33.6,10.08,0,0,0,0,0,0,0,0,16.8,0,33.6,0,0,0,0,ng,Texas,8.255,4.6162,0.0004,0,304,South,28.9275,-99.0919
13032,3004137,0.0,0.0,34.2,-7.46,1.0,80.64,0,67.2,20.16,0,0,0,0,0,0,0,0,33.6,0,67.2,0,0,0,0,ng,Texas,8.255,4.6612,0.0004,0,304,South,28.9275,-99.0919
13033,3004138,0.0,0.0,33.59,-7.33,1.0,79.2,0,66.0,19.8,0,0,0,0,0,0,0,0,33.0,0,66.0,0,0,0,0,ng,Texas,8.255,4.6596,0.0004,0,304,South,28.9275,-99.0919
13034,3004142,141.0,26.2,40.04,-27.07,1.04,225.6,1,188.0,0.0,0,0,0,0,0,0,0,0,0.0,0,188.0,0,0,0,0,wind,Texas,0.0,0.0,0.0,0,304,South,27.2231,-97.7892
13035,3004153,212.4,60.32,60.32,-40.78,1.04,339.84,1,283.2,0.0,0,0,0,0,0,0,0,0,0.0,0,283.2,0,0,0,0,wind,Texas,0.0,0.0,0.0,0,304,South,27.0011,-97.5994
13036,3004160,197.48,55.67,100.66,-21.95,1.03,237.32,1,197.77,59.33,0,0,0,0,0,0,0,0,98.89,0,197.77,0,0,0,0,ng,Texas,4.93,4.8361,0.0004,0,304,South,27.8139,-97.4283
13037,3004161,89.46,23.49,100.66,-21.95,1.03,237.32,1,197.77,59.33,0,0,0,0,0,0,0,0,98.89,0,197.77,0,0,0,0,ng,Texas,4.93,4.8361,0.0004,0,304,South,27.8139,-97.4283
13038,3004162,114.14,22.39,100.66,-21.95,1.03,237.32,1,197.77,59.33,0,0,0,0,0,0,0,0,98.89,0,197.77,0,0,0,0,ng,Texas,4.93,4.8361,0.0004,0,304,South,27.8139,-97.4283
13039,3004163,0.0,0.0,4.58,-1.0,1.03,10.8,0,9.0,2.7,0,0,0,0,0,0,0,0,4.5,0,9.0,0,0,0,0,ng,Texas,4.93,4.5832,0.0004,0,304,South,27.8139,-97.4283
13040,3004166,150.75,-28.94,42.81,-28.94,1.0,241.2,1,201.0,0.0,0,0,0,0,0,0,0,0,0.0,0,201.0,0,0,0,0,wind,Texas,0.0,0.0,0.0,0,304,South,27.1197,-97.5499
13041,3004177,112.5,-0.15,31.95,-21.6,1.04,180.0,1,150.0,0.0,0,0,0,0,0,0,0,0,0.0,0,150.0,0,0,0,0,wind,Texas,0.0,0.0,0.0,0,304,South,27.5761,-98.9053
13042,3004181,150.07,42.62,42.62,-28.81,1.04,240.12,1,200.1,0.0,0,0,0,0,0,0,0,0,0.0,0,200.1,0,0,0,0,wind,Texas,0.0,0.0,0.0,0,304,South,27.9958,-97.2967
13043,3004183,152.25,43.24,43.24,-29.23,1.03,243.6,1,203.0,0.0,0,0,0,0,0,0,0,0,0.0,0,203.0,0,0,0,0,wind,Texas,0.0,0.0,0.0,0,304,South,26.4753,-97.6911
13044,3004192,74.89,12.56,38.17,-8.33,1.02,90.0,1,75.0,22.5,0,0,0,0,0,0,0,0,37.5,0,75.0,0,0,0,0,ng,Texas,4.93,4.6716,0.0004,0,304,South,25.9131,-97.5214
13045,3004192,183.5,12.56,93.54,-20.4,1.02,220.52,1,183.77,55.13,0,0,0,0,0,0,0,0,91.89,0,183.77,0,0,0,0,ng,Texas,4.93,4.8174,0.0004,0,304,South,25.9131,-97.5214
13046,3004192,0.0,0.0,12.22,-2.66,1.02,28.8,0,24.0,7.2,0,0,0,0,0,0,0,0,12.0,0,24.0,0,0,0,0,ng,Texas,4.93,4.6033,0.0004,0,304,South,25.9131,-97.5214
13047,3004192,60.91,12.56,31.05,-6.77,1.02,73.2,1,61.0,18.3,0,0,0,0,0,0,0,0,30.5,0,61.0,0,0,0,0,ng,Texas,4.93,4.6529,0.0004,0,304,South,25.9131,-97.5214
13048,3004192,10.38,5.29,5.29,-1.15,1.02,12.48,1,10.4,3.12,0,0,0,0,0,0,0,0,5.2,0,10.4,0,0,0,0,ng,Texas,4.93,4.5851,0.0004,0,304,South,25.9131,-97.5214
13049,3004192,138.74,12.56,135.9,-29.64,1.02,320.4,1,267.0,80.1,0,0,0,0,0,0,0,0,120.08,0,267.0,0,0,0,0,ng,Texas,4.93,4.9289,0.0004,0,304,South,25.9131,-97.5214
13050,3004192,158.16,12.56,135.9,-29.64,1.02,320.4,1,267.0,80.1,0,0,0,0,0,0,0,0,120.08,0,267.0,0,0,0,0,ng,Texas,4.93,4.9289,0.0004,0,304,South,25.9131,-97.5214
13051,3004192,158.16,12.56,135.9,-29.64,1.02,320.4,1,267.0,80.1,0,0,0,0,0,0,0,0,120.08,0,267.0,0,0,0,0,ng,Texas,4.93,4.9289,0.0004,0,304,South,25.9131,-97.5214
13052,3004192,183.5,12.56,93.54,-20.4,1.02,220.52,1,183.77,55.13,0,0,0,0,0,0,0,0,91.89,0,183.77,0,0,0,0,ng,Texas,4.93,4.8174,0.0004,0,304,South,25.9131,-97.5214
13053,3004192,183.5,12.56,93.54,-20.4,1.02,220.52,1,183.77,55.13,0,0,0,0,0,0,0,0,91.89,0,183.77,0,0,0,0,ng,Texas,4.93,4.8174,0.0004,0,304,South,25.9131,-97.5214
13054,3004194,151.2,42.94,42.94,-29.03,1.02,241.92,1,201.6,0.0,0,0,0,0,0,0,0,0,0.0,0,201.6,0,0,0,0,wind,Texas,0.0,0.0,0.0,0,304,South,26.3489,-97.6668
13055,3004195,69.0,-13.25,19.6,-13.25,1.0,110.4,1,92.0,0.0,0,0,0,0,0,0,0,0,0.0,0,92.0,0,0,0,0,wind,Texas,0.0,0.0,0.0,0,304,South,27.4881,-99.0053
13056,3005020,90.0,-17.28,25.56,-17.28,1.0,144.0,1,120.0,0.0,0,0,0,0,0,0,0,0,0.0,0,120.0,0,0,0,0,wind,Texas,0.0,0.0,0.0,0,305,North Central,33.068,-98.3377
13057,3005023,0.0,0.0,2.44,-0.53,1.04,5.76,0,4.8,1.44,0,0,0,0,0,0,0,0,2.4,0,4.8,0,0,0,0,ng,Texas,4.758,4.5776,0.0004,0,305,North Central,32.7206,-97.5142
13058,3005035,0.0,0.0,2.14,-0.47,1.02,5.04,0,4.2,1.26,0,0,0,0,0,0,0,0,2.1,0,4.2,0,0,0,0,ng,Texas,4.525,4.5768,0.0004,0,305,North Central,32.6486,-96.6444
13059,3005036,0.0,0.0,3.26,-0.71,1.02,7.68,0,6.4,1.92,0,0,0,0,0,0,0,0,3.2,0,6.4,0,0,0,0,ng,Texas,4.525,4.5797,0.0004,0,305,North Central,32.6486,-96.6444
13060,3005037,96.35,16.88,157.01,-34.24,1.02,370.16,1,308.47,92.54,0,0,0,0,0,0,0,0,129.14,0,308.47,0,0,0,0,ng,Texas,4.525,4.9845,0.0004,0,305,North Central,32.6486,-96.6444
13061,3005038,96.35,16.55,157.01,-34.24,1.02,370.16,1,308.47,92.54,0,0,0,0,0,0,0,0,129.14,0,308.47,0,0,0,0,ng,Texas,4.525,4.9845,0.0004,0,305,North Central,32.6486,-96.6444
13062,3005039,96.35,37.47,157.01,-34.24,1.02,370.16,1,308.47,92.54,0,0,0,0,0,0,0,0,129.14,0,308.47,0,0,0,0,ng,Texas,4.525,4.9845,0.0004,0,305,North Central,32.6486,-96.6444
13063,3005040,96.35,11.89,157.01,-34.24,1.02,370.16,1,308.47,92.54,0,0,0,0,0,0,0,0,129.14,0,308.47,0,0,0,0,ng,Texas,4.525,4.9845,0.0004,0,305,North Central,32.6486,-96.6444
13064,3005041,96.35,17.4,157.01,-34.24,1.02,370.16,1,308.47,92.54,0,0,0,0,0,0,0,0,129.14,0,308.47,0,0,0,0,ng,Texas,4.525,4.9845,0.0004,0,305,North Central,32.6486,-96.6444
13065,3005042,96.35,15.52,157.01,-34.24,1.02,370.16,1,308.47,92.54,0,0,0,0,0,0,0,0,129.14,0,308.47,0,0,0,0,ng,Texas,4.525,4.9845,0.0004,0,305,North Central,32.6486,-96.6444
13066,3005051,84.58,35.75,43.11,-9.4,1.02,101.64,1,84.7,25.41,0,0,0,0,0,0,0,0,42.35,0,84.7,0,0,0,0,ng,Texas,4.95,4.6846,0.0004,0,305,North Central,33.1707,-96.1264
13067,3005057,0.0,0.0,161.53,-35.23,1.0,380.82,0,317.35,95.2,0,0,0,0,0,0,0,0,130.74,0,317.35,0,0,0,0,ng,Texas,4.758,5.0,0.0004,0,305,North Central,33.1344,-98.6117
13068,3005058,253.85,-35.23,161.53,-35.23,1.0,380.82,1,317.35,95.2,0,0,0,0,0,0,0,0,130.74,0,317.35,0,0,0,0,ng,Texas,4.758,4.9964,0.0004,0,305,North Central,33.1344,-98.6117
13069,3005065,10.58,5.4,5.4,-1.18,1.03,12.72,1,10.6,3.18,0,0,0,0,0,0,0,0,5.3,0,10.6,0,0,0,0,ng,Texas,4.758,4.5853,0.0004,0,305,North Central,32.7751,-97.1421
13070,3005066,0.0,0.0,0.92,-0.2,1.03,2.16,0,1.8,0.54,0,0,0,0,0,0,0,0,0.9,0,1.8,0,0,0,0,ng,Texas,4.758,4.5736,0.0004,0,305,North Central,32.7751,-97.1421
13071,3005067,437.62,106.81,223.08,-48.65,1.03,525.92,1,438.27,131.48,0,0,0,0,0,0,0,0,140.82,0,438.27,0,0,0,0,ng,Texas,4.758,5.1584,0.0004,0,305,North Central,32.7751,-97.1421
13072,3005068,437.62,100.32,223.08,-48.65,1.03,525.92,1,438.27,131.48,0,0,0,0,0,0,0,0,140.82,0,438.27,0,0,0,0,ng,Texas,4.758,5.1584,0.0004,0,305,North Central,32.7751,-97.1421
13073,3005069,437.62,94.11,223.08,-48.65,1.03,525.92,1,438.27,131.48,0,0,0,0,0,0,0,0,140.82,0,438.27,0,0,0,0,ng,Texas,4.758,5.1584,0.0004,0,305,North Central,32.7751,-97.1421
13074,3005089,0.0,0.0,47.57,-2.05,1.01,50.16,0,123.9,0.0,0,0,0,0,0,0,0,0,61.95,0,41.8,0,0,0,0,ng,Texas,4.866,4.635,0.000224,0,305,North Central,31.8694,-97.3667
13075,3005106,0.0,0.0,5.03,-1.32,1.04,12.96,0,10.8,3.24,0,0,0,0,0,0,0,0,4.32,0,10.8,0,0,0,0,coal,Texas,2.645,8.0169,0.0008,0,305,North Central,32.9192,-96.9894
13076,3005107,0.0,0.0,2.66,-0.7,1.04,6.84,0,5.7,1.71,0,0,0,0,0,0,0,0,2.28,0,5.7,0,0,0,0,coal,Texas,2.645,8.0169,0.0008,0,305,North Central,32.9192,-96.9894
13077,3005166,126.31,64.39,64.39,-14.04,1.04,151.8,1,126.5,37.95,0,0,0,0,0,0,0,0,63.25,0,126.5,0,0,0,0,ng,Texas,4.758,4.7406,0.0004,0,305,North Central,33.1975,-97.1061
13078,3005167,1.6,0.81,0.81,-0.18,1.04,1.92,1,1.6,0.48,0,0,0,0,0,0,0,0,0.8,0,1.6,0,0,0,0,ng,Texas,4.758,4.5733,0.0004,0,305,North Central,33.1975,-97.1061
13079,3005170,45.0,-8.64,12.78,-8.64,1.0,72.0,1,60.0,0.0,0,0,0,0,0,0,0,0,0.0,0,60.0,0,0,0,0,wind,Texas,0.0,0.0,0.0,0,305,North Central,32.3386,-98.4761
13080,3005198,112.5,-21.6,31.95,-21.6,1.0,180.0,1,150.0,0.0,0,0,0,0,0,0,0,0,0.0,0,150.0,0,0,0,0,wind,Texas,0.0,0.0,0.0,0,305,North Central,33.2058,-98.3651
13081,3005206,209.21,9.89,126.57,-27.6,1.01,298.4,1,248.67,74.6,0,0,0,0,0,0,0,0,115.26,0,248.67,0,0,0,0,ng,Texas,4.758,4.9043,0.0004,0,305,North Central,33.0583,-97.9103
13082,3005207,182.11,15.95,126.57,-27.6,1.01,298.4,1,248.67,74.6,0,0,0,0,0,0,0,0,115.26,0,248.67,0,0,0,0,ng,Texas,4.758,4.9043,0.0004,0,305,North Central,33.0583,-97.9103
13083,3005208,182.11,13.07,126.57,-27.6,1.01,298.4,1,248.67,74.6,0,0,0,0,0,0,0,0,115.26,0,248.67,0,0,0,0,ng,Texas,4.758,4.9043,0.0004,0,305,North Central,33.0583,-97.9103
13084,3005238,168.75,-32.4,47.93,-32.4,1.0,270.0,1,225.0,0.0,0,0,0,0,0,0,0,0,0.0,0,225.0,0,0,0,0,wind,Texas,0.0,0.0,0.0,0,305,North Central,33.3836,-98.7119
13085,3005243,112.5,-21.6,31.95,-21.6,1.0,180.0,1,150.0,0.0,0,0,0,0,0,0,0,0,0.0,0,150.0,0,0,0,0,wind,Texas,0.0,0.0,0.0,0,305,North Central,31.3833,-98.4667
13086,3005262,1213.21,-13.0,447.12,-99.63,1.01,1458.0,1,1215.0,364.5,0,0,0,0,0,0,0,0,0.0,0,1215.0,0,0,0,0,nuclear,Texas,1.0,6.9751,0.0002,0,305,North Central,32.2984,-97.7855
13087,3005263,1034.26,-45.3,447.12,-99.63,1.01,1458.0,1,1215.0,364.5,0,0,0,0,0,0,0,0,0.0,0,1215.0,0,0,0,0,nuclear,Texas,1.0,8.11,0.0002,0,305,North Central,32.2984,-97.7855
13088,3005281,267.34,-29.72,136.28,-29.72,1.0,321.28,1,267.73,80.32,0,0,0,0,0,0,0,0,120.26,0,267.73,0,0,0,0,ng,Texas,5.424,4.9299,0.0004,0,305,North Central,31.0558,-97.3172
13089,3005282,267.34,-29.72,136.28,-29.72,1.0,321.28,1,267.73,80.32,0,0,0,0,0,0,0,0,120.26,0,267.73,0,0,0,0,ng,Texas,5.424,4.9299,0.0004,0,305,North Central,31.0558,-97.3172
13090,3005283,0.0,0.0,136.28,-29.72,1.0,321.28,0,267.73,80.32,0,0,0,0,0,0,0,0,120.26,0,267.73,0,0,0,0,ng,Texas,5.424,4.9299,0.0004,0,305,North Central,31.0558,-97.3172
13091,3005297,0.0,0.0,1.63,-0.36,1.04,3.84,0,3.2,0.96,0,0,0,0,0,0,0,0,1.6,0,3.2,0,0,0,0,ng,Texas,4.95,4.5754,0.0004,0,305,North Central,33.1669,-96.6017
13092,3005298,114.83,58.53,58.53,-12.76,1.04,138.0,1,115.0,34.5,0,0,0,0,0,0,0,0,57.5,0,115.0,0,0,0,0,ng,Texas,4.95,4.7252,0.0004,0,305,North Central,33.1669,-96.6017
13093,3005299,114.83,58.53,58.53,-12.76,1.04,138.0,1,115.0,34.5,0,0,0,0,0,0,0,0,57.5,0,115.0,0,0,0,0,ng,Texas,4.95,4.7252,0.0004,0,305,North Central,33.1669,-96.6017
13094,3005300,114.83,58.53,58.53,-12.76,1.04,138.0,1,115.0,34.5,0,0,0,0,0,0,0,0,57.5,0,115.0,0,0,0,0,ng,Texas,4.95,4.7252,0.0004,0,305,North Central,33.1669,-96.6017
13095,3005301,82.58,42.09,42.09,-9.18,1.04,99.24,1,82.7,24.81,0,0,0,0,0,0,0,0,41.35,0,82.7,0,0,0,0,ng,Texas,4.95,4.682,0.0004,0,305,North Central,33.1669,-96.6017
13096,3005302,463.07,116.59,236.05,-51.48,1.04,556.5,1,463.75,139.13,0,0,0,0,0,0,0,0,140.14,0,463.75,0,0,0,0,ng,Texas,4.951,5.1925,0.0004,0,305,North Central,33.1669,-96.6017
13097,3005303,463.07,150.38,236.05,-51.48,1.04,556.5,1,463.75,139.13,0,0,0,0,0,0,0,0,140.14,0,463.75,0,0,0,0,ng,Texas,4.951,5.1925,0.0004,0,305,North Central,33.1669,-96.6017
13098,3005319,82.08,-18.34,133.77,-29.17,1.01,315.36,1,262.8,78.84,0,0,0,0,0,0,0,0,119.02,0,262.8,0,0,0,0,ng,Texas,5.424,4.9233,0.0004,0,305,North Central,32.3342,-97.7317
13099,3005320,0.0,0.0,133.77,-29.17,1.01,315.36,0,262.8,78.84,0,0,0,0,0,0,0,0,119.02,0,262.8,0,0,0,0,ng,Texas,5.424,4.9233,0.0004,0,305,North Central,32.3342,-97.7317
13100,3005321,82.08,-19.32,133.77,-29.17,1.01,315.36,1,262.8,78.84,0,0,0,0,0,0,0,0,119.02,0,262.8,0,0,0,0,ng,Texas,5.424,4.9233,0.0004,0,305,North Central,32.3342,-97.7317
13101,3005324,283.65,98.39,144.59,-31.53,1.04,340.88,1,284.07,85.22,0,0,0,0,0,0,0,0,124.12,0,284.07,0,0,0,0,ng,Texas,4.525,4.9518,0.0004,0,305,North Central,32.7231,-96.9358
13102,3005325,283.65,100.45,144.59,-31.53,1.04,340.88,1,284.07,85.22,0,0,0,0,0,0,0,0,124.12,0,284.07,0,0,0,0,ng,Texas,4.525,4.9518,0.0004,0,305,North Central,32.7231,-96.9358
13103,3005326,283.65,144.59,144.59,-31.53,1.04,340.88,1,284.07,85.22,0,0,0,0,0,0,0,0,124.12,0,284.07,0,0,0,0,ng,Texas,4.525,4.9518,0.0004,0,305,North Central,32.7231,-96.9358
13104,3005342,8.4,3.2,3.2,-0.14,1.04,3.36,1,3.6,0.0,0,0,0,0,0,0,0,0,0.0,0,2.8,0,0,0,0,hydro,Texas,0.0,0.0,0.0,0,305,North Central,33.0685,-96.9638
13105,3005343,207.5,44.35,79.67,-3.43,1.04,84.0,1,207.5,0.0,0,0,0,0,0,0,0,0,102.58,0,70.0,0,0,0,0,ng,Texas,4.866,4.511,0.000224,0,305,North Central,33.0685,-96.9638
13106,3005360,1006.51,-64.49,469.73,-122.98,1.01,1209.6,1,1008.0,302.4,0,0,0,0,0,0,0,0,233.52,0,1008.0,0,0,0,0,coal,Texas,2.748,8.0169,0.0008,0,305,North Central,31.4744,-96.9571
13107,3005363,10.38,-1.15,5.29,-1.15,1.0,12.48,1,10.4,3.12,0,0,0,0,0,0,0,0,5.2,0,10.4,0,0,0,0,ng,Texas,4.758,4.5851,0.0004,0,305,North Central,33.1964,-97.9208
13108,3005364,213.02,-23.68,108.59,-23.68,1.0,256.0,1,213.33,64.0,0,0,0,0,0,0,0,0,104.53,0,213.33,0,0,0,0,ng,Texas,4.758,4.857,0.0004,0,305,North Central,33.1964,-97.9208
13109,3005365,213.02,-23.68,108.59,-23.68,1.0,256.0,1,213.33,64.0,0,0,0,0,0,0,0,0,104.53,0,213.33,0,0,0,0,ng,Texas,4.758,4.857,0.0004,0,305,North Central,33.1964,-97.9208
13110,3005366,213.02,-23.68,108.59,-23.68,1.0,256.0,1,213.33,64.0,0,0,0,0,0,0,0,0,104.53,0,213.33,0,0,0,0,ng,Texas,4.758,4.857,0.0004,0,305,North Central,33.1964,-97.9208
13111,3005367,213.02,-23.68,108.59,-23.68,1.0,256.0,1,213.33,64.0,0,0,0,0,0,0,0,0,104.53,0,213.33,0,0,0,0,ng,Texas,4.758,4.857,0.0004,0,305,North Central,33.1964,-97.9208
13112,3005368,213.02,-23.68,108.59,-23.68,1.0,256.0,1,213.33,64.0,0,0,0,0,0,0,0,0,104.53,0,213.33,0,0,0,0,ng,Texas,4.758,4.857,0.0004,0,305,North Central,33.1964,-97.9208
13113,3005369,213.02,-23.68,108.59,-23.68,1.0,256.0,1,213.33,64.0,0,0,0,0,0,0,0,0,104.53,0,213.33,0,0,0,0,ng,Texas,4.758,4.857,0.0004,0,305,North Central,33.1964,-97.9208
13114,3005382,65.28,106.38,106.38,-23.2,1.04,250.8,1,209.0,62.7,0,0,0,0,0,0,0,0,103.09,0,209.0,0,0,0,0,ng,Texas,4.525,4.8512,0.0004,0,305,North Central,32.32,-96.675
13115,3005383,65.28,106.38,106.38,-23.2,1.04,250.8,1,209.0,62.7,0,0,0,0,0,0,0,0,103.09,0,209.0,0,0,0,0,ng,Texas,4.525,4.8512,0.0004,0,305,North Central,32.32,-96.675
13116,3005399,124.2,35.27,35.27,-23.85,1.04,198.72,1,165.6,0.0,0,0,0,0,0,0,0,0,0.0,0,165.6,0,0,0,0,wind,Texas,0.0,0.0,0.0,0,305,North Central,32.7683,-99.4228
13117,3005403,89.27,45.5,45.5,-9.92,1.03,107.28,1,89.4,26.82,0,0,0,0,0,0,0,0,44.7,0,89.4,0,0,0,0,ng,Texas,4.758,4.6909,0.0004,0,305,North Central,32.4031,-97.7006
13118,3005404,77.99,45.5,45.5,-9.92,1.03,107.28,1,89.4,26.82,0,0,0,0,0,0,0,0,44.7,0,89.4,0,0,0,0,ng,Texas,4.758,4.6909,0.0004,0,305,North Central,32.4031,-97.7006
13119,3005405,85.53,45.5,45.5,-9.92,1.03,107.28,1,89.4,26.82,0,0,0,0,0,0,0,0,44.7,0,89.4,0,0,0,0,ng,Texas,4.758,4.6909,0.0004,0,305,North Central,32.4031,-97.7006
13120,3005406,89.27,45.5,45.5,-9.92,1.03,107.28,1,89.4,26.82,0,0,0,0,0,0,0,0,44.7,0,89.4,0,0,0,0,ng,Texas,4.758,4.6909,0.0004,0,305,North Central,32.4031,-97.7006
13121,3005415,121.82,-13.54,62.1,-13.54,1.0,146.4,1,122.0,36.6,0,0,0,0,0,0,0,0,61.0,0,122.0,0,0,0,0,ng,Texas,4.758,4.7346,0.0004,0,305,North Central,32.6581,-98.3103
13122,3005416,121.82,-13.54,62.1,-13.54,1.0,146.4,1,122.0,36.6,0,0,0,0,0,0,0,0,61.0,0,122.0,0,0,0,0,ng,Texas,4.758,4.7346,0.0004,0,305,North Central,32.6581,-98.3103
13123,3005417,121.82,-13.54,62.1,-13.54,1.0,146.4,1,122.0,36.6,0,0,0,0,0,0,0,0,61.0,0,122.0,0,0,0,0,ng,Texas,4.758,4.7346,0.0004,0,305,North Central,32.6581,-98.3103
13124,3005418,118.62,-13.19,60.47,-13.19,1.0,142.56,1,118.8,35.64,0,0,0,0,0,0,0,0,59.4,0,118.8,0,0,0,0,ng,Texas,4.758,4.7303,0.0004,0,305,North Central,32.6581,-98.3103
13125,3005419,118.62,-13.19,60.47,-13.19,1.0,142.56,1,118.8,35.64,0,0,0,0,0,0,0,0,59.4,0,118.8,0,0,0,0,ng,Texas,4.758,4.7303,0.0004,0,305,North Central,32.6581,-98.3103
13126,3005423,12.38,-1.38,6.31,-1.38,1.0,14.88,1,12.4,3.72,0,0,0,0,0,0,0,0,6.2,0,12.4,0,0,0,0,ng,Texas,4.758,4.5878,0.0004,0,305,North Central,33.0196,-96.962
13127,3005424,0.0,0.0,1.63,-0.36,1.0,3.84,0,3.2,0.96,0,0,0,0,0,0,0,0,1.6,0,3.2,0,0,0,0,ng,Texas,4.758,4.5754,0.0004,0,305,North Central,33.0196,-96.962
13128,3005444,0.0,0.0,147.1,-32.08,1.01,346.8,0,289.0,86.7,0,0,0,0,0,0,0,0,125.21,0,289.0,0,0,0,0,ng,Texas,5.424,4.9584,0.0004,0,305,North Central,32.4302,-97.0537
13129,3005444,0.0,0.0,147.1,-32.08,1.01,346.8,0,289.0,86.7,0,0,0,0,0,0,0,0,125.21,0,289.0,0,0,0,0,ng,Texas,5.424,4.9584,0.0004,0,305,North Central,32.4302,-97.0537
13130,3005444,0.0,0.0,147.1,-32.08,1.01,346.8,0,289.0,86.7,0,0,0,0,0,0,0,0,125.21,0,289.0,0,0,0,0,ng,Texas,5.424,4.9584,0.0004,0,305,North Central,32.4302,-97.0537
13131,3005444,288.57,-32.08,147.1,-32.08,1.01,346.8,1,289.0,86.7,0,0,0,0,0,0,0,0,125.21,0,289.0,0,0,0,0,ng,Texas,5.424,4.9584,0.0004,0,305,North Central,32.4302,-97.0537
13132,3005444,288.57,-32.08,147.1,-32.08,1.01,346.8,1,289.0,86.7,0,0,0,0,0,0,0,0,125.21,0,289.0,0,0,0,0,ng,Texas,5.424,4.9584,0.0004,0,305,North Central,32.4302,-97.0537
13133,3005444,0.0,0.0,147.1,-32.08,1.01,346.8,0,289.0,86.7,0,0,0,0,0,0,0,0,125.21,0,289.0,0,0,0,0,ng,Texas,5.424,4.9584,0.0004,0,305,North Central,32.4302,-97.0537
13134,3005444,141.09,-15.68,71.92,-15.68,1.01,169.56,1,141.3,42.39,0,0,0,0,0,0,0,0,70.65,0,141.3,0,0,0,0,ng,Texas,5.424,4.7605,0.0004,0,305,North Central,32.4302,-97.0537
13135,3005444,141.09,-15.68,71.92,-15.68,1.01,169.56,1,141.3,42.39,0,0,0,0,0,0,0,0,70.65,0,141.3,0,0,0,0,ng,Texas,5.424,4.7605,0.0004,0,305,North Central,32.4302,-97.0537
13136,3006006,212.69,53.6,108.42,-23.64,1.04,255.6,1,213.0,63.9,0,0,0,0,0,0,0,0,104.42,0,213.0,0,0,0,0,ng,Texas,4.944,4.8565,0.0004,0,306,South Central,30.1456,-97.2708
13137,3006007,0.0,0.0,216.83,-47.29,1.04,511.2,0,426.0,127.8,0,0,0,0,0,0,0,0,140.79,0,426.0,0,0,0,0,ng,Texas,4.943,5.142,0.0004,0,306,South Central,30.1456,-97.2708
13138,3006008,198.04,47.36,100.95,-22.01,1.04,238.0,1,198.33,59.5,0,0,0,0,0,0,0,0,99.17,0,198.33,0,0,0,0,ng,Texas,4.944,4.8369,0.0004,0,306,South Central,30.1456,-97.2708
13139,3006009,198.04,29.99,100.95,-22.01,1.04,238.0,1,198.33,59.5,0,0,0,0,0,0,0,0,99.17,0,198.33,0,0,0,0,ng,Texas,4.944,4.8369,0.0004,0,306,South Central,30.1456,-97.2708
13140,3006010,198.04,39.7,100.95,-22.01,1.04,238.0,1,198.33,59.5,0,0,0,0,0,0,0,0,99.17,0,198.33,0,0,0,0,ng,Texas,4.944,4.8369,0.0004,0,306,South Central,30.1456,-97.2708
13141,3006041,0.0,20.48,20.48,-0.88,1.04,21.6,1,17.0,0.0,0,0,0,0,0,0,0,0,0.0,0,18.0,0,0,0,0,hydro,Texas,0.0,0.0,0.0,0,306,South Central,30.2934,-97.7844
13142,3006042,0.0,34.46,122.91,-5.29,1.04,129.6,1,320.2,0.0,0,0,0,0,0,0,0,0,131.23,0,108.0,0,0,0,0,ng,Texas,4.866,4.687,0.000224,0,306,South Central,30.2934,-97.7844
13143,3006048,0.0,0.0,1.73,-0.38,1.04,4.08,0,3.4,1.02,0,0,0,0,0,0,0,0,1.7,0,3.4,0,0,0,0,ng,Texas,4.589,4.5757,0.0004,0,306,South Central,29.5889,-98.6139
13144,3006049,0.0,0.0,4.89,-1.07,1.04,11.52,0,9.6,2.88,0,0,0,0,0,0,0,0,4.8,0,9.6,0,0,0,0,ng,Texas,4.589,4.584,0.0004,0,306,South Central,29.5889,-98.6139
13145,3006050,0.0,0.0,2.24,-0.49,1.04,5.28,0,4.4,1.32,0,0,0,0,0,0,0,0,2.2,0,4.4,0,0,0,0,ng,Texas,4.589,4.577,0.0004,0,306,South Central,29.5889,-98.6139
13146,3006051,57.32,29.22,29.22,-6.37,1.04,68.88,1,57.4,17.22,0,0,0,0,0,0,0,0,28.7,0,57.4,0,0,0,0,ng,Texas,4.589,4.6481,0.0004,0,306,South Central,29.5889,-98.6139
13147,3006052,0.0,0.0,29.22,-6.37,1.04,68.88,0,57.4,17.22,0,0,0,0,0,0,0,0,28.7,0,57.4,0,0,0,0,ng,Texas,4.589,4.6481,0.0004,0,306,South Central,29.5889,-98.6139
13148,3006053,57.32,29.22,29.22,-6.37,1.04,68.88,1,57.4,17.22,0,0,0,0,0,0,0,0,28.7,0,57.4,0,0,0,0,ng,Texas,4.589,4.6481,0.0004,0,306,South Central,29.5889,-98.6139
13149,3006054,57.32,24.27,29.22,-6.37,1.04,68.88,1,57.4,17.22,0,0,0,0,0,0,0,0,28.7,0,57.4,0,0,0,0,ng,Texas,4.589,4.6481,0.0004,0,306,South Central,29.5889,-98.6139
13150,3006069,125.35,23.91,92.32,-20.13,1.03,217.64,1,181.37,54.41,0,0,0,0,0,0,0,0,90.69,0,181.37,0,0,0,0,ng,Texas,4.944,4.8142,0.0004,0,306,South Central,29.6244,-98.1419
13151,3006070,132.82,10.94,92.32,-20.13,1.03,217.64,1,181.37,54.41,0,0,0,0,0,0,0,0,90.69,0,181.37,0,0,0,0,ng,Texas,4.944,4.8142,0.0004,0,306,South Central,29.6244,-98.1419
13152,3006071,107.43,31.06,92.32,-20.13,1.03,217.64,1,181.37,54.41,0,0,0,0,0,0,0,0,90.69,0,181.37,0,0,0,0,ng,Texas,4.944,4.8142,0.0004,0,306,South Central,29.6244,-98.1419
13153,3006072,0.0,0.0,92.32,-20.13,1.03,217.64,0,181.37,54.41,0,0,0,0,0,0,0,0,90.69,0,181.37,0,0,0,0,ng,Texas,4.944,4.8142,0.0004,0,306,South Central,29.6244,-98.1419
13154,3006073,132.82,18.29,92.32,-20.13,1.03,217.64,1,181.37,54.41,0,0,0,0,0,0,0,0,90.69,0,181.37,0,0,0,0,ng,Texas,4.944,4.8142,0.0004,0,306,South Central,29.6244,-98.1419
13155,3006074,132.82,17.59,92.32,-20.13,1.03,217.64,1,181.37,54.41,0,0,0,0,0,0,0,0,90.69,0,181.37,0,0,0,0,ng,Texas,4.944,4.8142,0.0004,0,306,South Central,29.6244,-98.1419
13156,3006078,482.07,-68.73,262.51,-68.73,1.0,676.0,1,563.33,169.0,0,0,0,0,0,0,0,0,182.69,0,563.33,0,0,0,0,coal,Texas,2.59,8.0169,0.0008,0,306,South Central,29.9172,-96.7506
13157,3006079,333.68,-68.73,262.51,-68.73,1.0,676.0,1,563.33,169.0,0,0,0,0,0,0,0,0,182.69,0,563.33,0,0,0,0,coal,Texas,2.59,8.0169,0.0008,0,306,South Central,29.9172,-96.7506
13158,3006080,333.68,-68.73,262.51,-68.73,1.0,676.0,1,563.33,169.0,0,0,0,0,0,0,0,0,182.69,0,563.33,0,0,0,0,coal,Texas,2.59,8.0169,0.0008,0,306,South Central,29.9172,-96.7506
13159,3006082,41.37,12.07,25.04,-1.08,1.04,26.4,1,65.3,0.0,0,0,0,0,0,0,0,0,0.0,0,22.0,0,0,0,0,hydro,Texas,0.0,0.0,0.0,0,306,South Central,30.5553,-98.2576
13160,3006083,65.3,9.55,25.04,-1.08,1.04,26.4,1,65.3,0.0,0,0,0,0,0,0,0,0,0.0,0,22.0,0,0,0,0,hydro,Texas,0.0,0.0,0.0,0,306,South Central,30.5553,-98.2576
13161,3006085,1.05,0.0,0.0,0.0,1.04,1.68,1,1.4,0.0,0,0,0,0,0,0,0,0,0.0,0,1.4,0,0,0,0,solar,Texas,0.0,0.0,0.0,0,306,South Central,30.557,-97.6903
13162,3006086,22.5,0.0,0.0,0.0,1.04,36.0,1,30.0,0.0,0,0,0,0,0,0,0,0,0.0,0,30.0,0,0,0,0,solar,Texas,0.0,0.0,0.0,0,306,South Central,30.557,-97.6903
13163,3006087,0.0,0.0,0.0,0.0,1.04,6.6,0,5.5,0.0,0,0,0,0,0,0,0,0,0.0,0,5.5,0,0,0,0,solar,Texas,0.0,0.0,0.0,0,306,South Central,30.557,-97.6903
13164,3006088,7.95,0.0,0.0,0.0,1.04,12.72,1,10.6,0.0,0,0,0,0,0,0,0,0,0.0,0,10.6,0,0,0,0,solar,Texas,0.0,0.0,0.0,0,306,South Central,30.557,-97.6903
13165,3006089,10.42,0.0,0.0,0.0,1.04,16.68,1,13.9,0.0,0,0,0,0,0,0,0,0,0.0,0,13.9,0,0,0,0,solar,Texas,0.0,0.0,0.0,0,306,South Central,30.557,-97.6903
13166,3006090,30.52,0.0,0.0,0.0,1.04,48.84,1,40.7,0.0,0,0,0,0,0,0,0,0,0.0,0,40.7,0,0,0,0,solar,Texas,0.0,0.0,0.0,0,306,South Central,30.557,-97.6903
13167,3006104,60.41,30.79,30.79,-6.72,1.04,72.6,1,60.5,18.15,0,0,0,0,0,0,0,0,30.25,0,60.5,0,0,0,0,ng,Texas,4.943,4.6522,0.0004,0,306,South Central,30.0381,-96.9875
13168,3006105,60.41,30.79,30.79,-6.72,1.04,72.6,1,60.5,18.15,0,0,0,0,0,0,0,0,30.25,0,60.5,0,0,0,0,ng,Texas,4.943,4.6522,0.0004,0,306,South Central,30.0381,-96.9875
13169,3006106,120.82,61.59,61.59,-13.43,1.04,145.2,1,121.0,36.3,0,0,0,0,0,0,0,0,60.5,0,121.0,0,0,0,0,ng,Texas,4.943,4.7333,0.0004,0,306,South Central,30.0381,-96.9875
13170,3006110,306.17,64.21,275.22,-72.05,1.04,708.72,1,590.6,177.18,0,0,0,0,0,0,0,0,188.18,0,590.6,0,0,0,0,coal,Texas,2.59,8.0169,0.0008,0,306,South Central,30.5659,-97.064
13171,3006111,299.22,64.9,308.26,-80.7,1.04,793.8,1,661.5,198.45,0,0,0,0,0,0,0,0,201.0,0,661.5,0,0,0,0,coal,Texas,2.59,8.0169,0.0008,0,306,South Central,30.5659,-97.064
13172,3006144,0.0,0.0,4.28,-0.93,1.03,10.08,0,8.4,2.52,0,0,0,0,0,0,0,0,4.2,0,8.4,0,0,0,0,ng,Texas,4.589,4.5824,0.0004,0,306,South Central,29.4289,-98.3433
13173,3006145,326.62,22.12,227.01,-49.51,1.03,535.2,1,446.0,133.8,0,0,0,0,0,0,0,0,140.71,0,446.0,0,0,0,0,ng,Texas,4.589,5.1688,0.0004,0,306,South Central,29.4289,-98.3433
13174,3006146,326.62,22.86,227.01,-49.51,1.03,535.2,1,446.0,133.8,0,0,0,0,0,0,0,0,140.71,0,446.0,0,0,0,0,ng,Texas,4.589,5.1688,0.0004,0,306,South Central,29.4289,-98.3433
13175,3006147,291.1,23.68,474.39,-103.45,1.03,1118.4,1,932.0,279.6,0,0,0,0,0,0,0,0,186.4,0,932.0,0,0,0,0,ng,Texas,4.588,5.82,0.0004,0,306,South Central,29.4289,-98.3433
13176,3006148,0.0,0.0,367.5,-80.14,1.03,866.4,0,722.0,216.6,0,0,0,0,0,0,0,0,144.4,0,722.0,0,0,0,0,ng,Texas,4.589,5.5386,0.0004,0,306,South Central,29.4289,-98.3433
13177,3006149,225.51,67.31,367.5,-80.14,1.03,866.4,1,722.0,216.6,0,0,0,0,0,0,0,0,144.4,0,722.0,0,0,0,0,ng,Texas,4.589,5.5386,0.0004,0,306,South Central,29.4289,-98.3433
13178,3006164,73.42,23.32,119.64,-26.09,1.03,282.06,1,235.05,70.52,0,0,0,0,0,0,0,0,111.35,0,235.05,0,0,0,0,ng,Texas,4.943,4.8861,0.0004,0,306,South Central,29.5931,-97.9732
13179,3006165,73.42,20.54,119.64,-26.09,1.03,282.06,1,235.05,70.52,0,0,0,0,0,0,0,0,111.35,0,235.05,0,0,0,0,ng,Texas,4.943,4.8861,0.0004,0,306,South Central,29.5931,-97.9732
13180,3006166,73.42,50.05,119.64,-26.09,1.03,282.06,1,235.05,70.52,0,0,0,0,0,0,0,0,111.35,0,235.05,0,0,0,0,ng,Texas,4.943,4.8861,0.0004,0,306,South Central,29.5931,-97.9732
13181,3006167,73.42,26.61,119.64,-26.09,1.03,282.06,1,235.05,70.52,0,0,0,0,0,0,0,0,111.35,0,235.05,0,0,0,0,ng,Texas,4.943,4.8861,0.0004,0,306,South Central,29.5931,-97.9732
13182,3006213,177.9,11.11,68.29,-2.94,1.04,72.0,1,69.4,0.0,0,0,0,0,0,0,0,0,0.0,0,60.0,0,0,0,0,hydro,Texas,0.0,0.0,0.0,0,306,South Central,30.556,-98.3384
13183,3006214,552.3,41.91,212.06,-9.13,1.04,223.6,1,552.3,0.0,0,0,0,0,0,0,0,0,130.22,0,186.33,0,0,0,0,ng,Texas,4.866,4.874,0.000224,0,306,South Central,30.556,-98.3384
13184,3006215,552.3,47.41,212.06,-9.13,1.04,223.6,1,552.3,0.0,0,0,0,0,0,0,0,0,130.22,0,186.33,0,0,0,0,ng,Texas,4.866,4.874,0.000224,0,306,South Central,30.556,-98.3384
13185,3006216,552.3,35.4,212.06,-9.13,1.04,223.6,1,552.3,0.0,0,0,0,0,0,0,0,0,130.22,0,186.33,0,0,0,0,ng,Texas,4.866,4.874,0.000224,0,306,South Central,30.556,-98.3384
13186,3006242,60.91,14.87,31.05,-6.77,1.04,73.2,1,61.0,18.3,0,0,0,0,0,0,0,0,30.5,0,61.0,0,0,0,0,ng,Texas,4.589,4.6529,0.0004,0,306,South Central,29.2567,-98.3825
13187,3006243,182.73,36.25,93.15,-20.31,1.04,219.6,1,183.0,54.9,0,0,0,0,0,0,0,0,91.5,0,183.0,0,0,0,0,ng,Texas,4.588,4.8164,0.0004,0,306,South Central,29.2567,-98.3825
13188,3006244,297.56,44.33,151.68,-33.08,1.04,357.6,1,298.0,89.4,0,0,0,0,0,0,0,0,127.1,0,298.0,0,0,0,0,ng,Texas,4.589,4.9704,0.0004,0,306,South Central,29.2567,-98.3825
13189,3006245,297.56,50.83,151.68,-33.08,1.04,357.6,1,298.0,89.4,0,0,0,0,0,0,0,0,127.1,0,298.0,0,0,0,0,ng,Texas,4.589,4.9704,0.0004,0,306,South Central,29.2567,-98.3825
13190,3006246,297.56,94.93,151.68,-33.08,1.04,357.6,1,298.0,89.4,0,0,0,0,0,0,0,0,127.1,0,298.0,0,0,0,0,ng,Texas,4.589,4.9704,0.0004,0,306,South Central,29.2567,-98.3825
13191,3006247,183.06,77.62,93.32,-20.35,1.04,220.0,1,183.33,55.0,0,0,0,0,0,0,0,0,91.67,0,183.33,0,0,0,0,ng,Texas,4.589,4.8168,0.0004,0,306,South Central,29.2567,-98.3825
13192,3006248,183.06,40.11,93.32,-20.35,1.04,220.0,1,183.33,55.0,0,0,0,0,0,0,0,0,91.67,0,183.33,0,0,0,0,ng,Texas,4.589,4.8168,0.0004,0,306,South Central,29.2567,-98.3825
13193,3006249,183.06,27.74,93.32,-20.35,1.04,220.0,1,183.33,55.0,0,0,0,0,0,0,0,0,91.67,0,183.33,0,0,0,0,ng,Texas,4.589,4.8168,0.0004,0,306,South Central,29.2567,-98.3825
13194,3006257,60.59,-21.53,98.75,-21.53,1.02,232.8,1,194.0,58.2,0,0,0,0,0,0,0,0,97.0,0,194.0,0,0,0,0,ng,Texas,4.943,4.8311,0.0004,0,306,South Central,30.2098,-97.6129
13195,3006258,108.6,-21.53,98.75,-21.53,1.02,232.8,1,194.0,58.2,0,0,0,0,0,0,0,0,97.0,0,194.0,0,0,0,0,ng,Texas,4.943,4.8311,0.0004,0,306,South Central,30.2098,-97.6129
13196,3006259,0.0,0.0,26.16,-5.71,1.02,61.68,0,51.4,15.42,0,0,0,0,0,0,0,0,25.7,0,51.4,0,0,0,0,ng,Texas,4.944,4.64,0.0004,0,306,South Central,30.2098,-97.6129
13197,3006260,80.27,-28.53,130.81,-28.53,1.02,308.4,1,257.0,77.1,0,0,0,0,0,0,0,0,117.51,0,257.0,0,0,0,0,ng,Texas,4.943,4.9155,0.0004,0,306,South Central,30.2098,-97.6129
13198,3006266,4.5,1.72,1.72,-0.07,1.04,1.8,1,0.0,0.0,0,0,0,0,0,0,0,0,0.0,0,1.5,0,0,0,0,hydro,Texas,0.0,0.0,0.0,0,306,South Central,29.1297,-97.3112
13199,3006267,7.2,2.73,2.73,-0.12,1.04,2.88,1,0.0,0.0,0,0,0,0,0,0,0,0,0.0,0,2.4,0,0,0,0,hydro,Texas,0.0,0.0,0.0,0,306,South Central,29.1297,-97.3112
13200,3006268,4.5,1.72,1.72,-0.07,1.04,1.8,1,0.0,0.0,0,0,0,0,0,0,0,0,0.0,0,1.5,0,0,0,0,hydro,Texas,0.0,0.0,0.0,0,306,South Central,29.1297,-97.3112
13201,3006269,7.2,2.73,2.73,-0.12,1.04,2.88,1,0.0,0.0,0,0,0,0,0,0,0,0,0.0,0,2.4,0,0,0,0,hydro,Texas,0.0,0.0,0.0,0,306,South Central,29.1297,-97.3112
13202,3006270,0.0,0.0,6.82,-0.29,1.04,7.2,0,0.0,0.0,0,0,0,0,0,0,0,0,0.0,0,6.0,0,0,0,0,hydro,Texas,0.0,0.0,0.0,0,306,South Central,29.1297,-97.3112
13203,3006271,0.0,0.0,4.09,-0.18,1.04,4.32,0,0.0,0.0,0,0,0,0,0,0,0,0,0.0,0,3.6,0,0,0,0,hydro,Texas,0.0,0.0,0.0,0,306,South Central,29.1297,-97.3112
13204,3006272,0.0,0.0,2.73,-0.12,1.04,2.88,0,0.0,0.0,0,0,0,0,0,0,0,0,0.0,0,2.4,0,0,0,0,hydro,Texas,0.0,0.0,0.0,0,306,South Central,29.1297,-97.3112
13205,3006273,0.0,0.0,2.73,-0.12,1.04,2.88,0,0.0,0.0,0,0,0,0,0,0,0,0,0.0,0,2.4,0,0,0,0,hydro,Texas,0.0,0.0,0.0,0,306,South Central,29.1297,-97.3112
13206,3006274,8.4,3.2,3.2,-0.14,1.04,3.36,1,0.0,0.0,0,0,0,0,0,0,0,0,0.0,0,2.8,0,0,0,0,hydro,Texas,0.0,0.0,0.0,0,306,South Central,29.1297,-97.3112
13207,3006295,64.42,-22.89,104.97,-22.89,1.02,247.48,1,206.23,61.87,0,0,0,0,0,0,0,0,102.15,0,206.23,0,0,0,0,ng,Texas,4.943,4.8475,0.0004,0,306,South Central,30.1458,-97.55
13208,3006296,64.42,-22.89,104.97,-22.89,1.02,247.48,1,206.23,61.87,0,0,0,0,0,0,0,0,102.15,0,206.23,0,0,0,0,ng,Texas,4.943,4.8475,0.0004,0,306,South Central,30.1458,-97.55
13209,3006297,64.45,-22.89,104.97,-22.89,1.02,247.48,1,206.23,61.9,0,0,0,0,0,0,0,0,102.15,0,206.23,0,0,0,0,ng,Texas,4.943,4.8475,0.0004,0,306,South Central,30.1458,-97.55
13210,3006301,0.0,0.0,1.63,-0.36,1.0,3.84,0,3.2,0.96,0,0,0,0,0,0,0,0,1.6,0,3.2,0,0,0,0,ng,Texas,4.944,4.5754,0.0004,0,306,South Central,29.7372,-98.0228
13211,3006302,246.89,-27.44,125.85,-27.44,1.0,296.7,1,247.25,74.18,0,0,0,0,0,0,0,0,114.86,0,247.25,0,0,0,0,ng,Texas,4.944,4.9024,0.0004,0,306,South Central,29.7372,-98.0228
13212,3006303,215.92,-27.44,125.85,-27.44,1.0,296.7,1,247.25,74.18,0,0,0,0,0,0,0,0,114.86,0,247.25,0,0,0,0,ng,Texas,4.944,4.9024,0.0004,0,306,South Central,29.7372,-98.0228
13213,3006304,246.89,-27.44,125.85,-27.44,1.0,296.7,1,247.25,74.18,0,0,0,0,0,0,0,0,114.86,0,247.25,0,0,0,0,ng,Texas,4.944,4.9024,0.0004,0,306,South Central,29.7372,-98.0228
13214,3006305,246.89,-27.44,125.85,-27.44,1.0,296.7,1,247.25,74.18,0,0,0,0,0,0,0,0,114.86,0,247.25,0,0,0,0,ng,Texas,4.944,4.9024,0.0004,0,306,South Central,29.7372,-98.0228
13215,3006349,0.0,0.0,6.11,-1.33,1.04,14.4,0,12.0,3.6,0,0,0,0,0,0,0,0,6.0,0,12.0,0,0,0,0,ng,Texas,4.944,4.5872,0.0004,0,306,South Central,30.3974,-97.8426
13216,3006349,0.0,0.0,26.21,-5.72,1.04,61.8,0,51.5,15.45,0,0,0,0,0,0,0,0,25.75,0,51.5,0,0,0,0,ng,Texas,4.943,4.6402,0.0004,0,306,South Central,30.3974,-97.8426
13217,3006349,32.17,52.43,52.43,-11.43,1.04,123.6,1,103.0,30.9,0,0,0,0,0,0,0,0,51.5,0,103.0,0,0,0,0,ng,Texas,4.943,4.7092,0.0004,0,306,South Central,30.3974,-97.8426
13218,3006349,0.0,0.0,1.17,-0.26,1.04,2.76,0,2.3,0.69,0,0,0,0,0,0,0,0,1.15,0,2.3,0,0,0,0,ng,Texas,4.943,4.5742,0.0004,0,306,South Central,30.3974,-97.8426
13219,3006349,0.0,0.0,2.34,-0.51,1.04,5.52,0,4.6,1.38,0,0,0,0,0,0,0,0,2.3,0,4.6,0,0,0,0,ng,Texas,4.944,4.5773,0.0004,0,306,South Central,30.3974,-97.8426
13220,3006349,0.0,0.0,0.76,-0.17,1.04,1.8,0,1.5,0.45,0,0,0,0,0,0,0,0,0.75,0,1.5,0,0,0,0,ng,Texas,4.944,4.5732,0.0004,0,306,South Central,30.3974,-97.8426
13221,3006349,0.0,0.0,2.04,-0.44,1.04,4.8,0,4.0,1.2,0,0,0,0,0,0,0,0,2.0,0,4.0,0,0,0,0,ng,Texas,4.944,4.5765,0.0004,0,306,South Central,30.3974,-97.8426
13222,3006349,0.0,0.0,3.26,-0.71,1.04,7.68,0,6.4,1.92,0,0,0,0,0,0,0,0,3.2,0,6.4,0,0,0,0,ng,Texas,4.943,4.5797,0.0004,0,306,South Central,30.3974,-97.8426
13223,3006349,113.38,184.77,184.77,-40.29,1.04,435.6,1,363.0,108.9,0,0,0,0,0,0,0,0,137.12,0,363.0,0,0,0,0,ng,Texas,4.943,5.0575,0.0004,0,306,South Central,30.3974,-97.8426
13224,3006349,113.38,184.77,184.77,-40.29,1.04,435.6,1,363.0,108.9,0,0,0,0,0,0,0,0,137.12,0,363.0,0,0,0,0,ng,Texas,4.943,5.0575,0.0004,0,306,South Central,30.3974,-97.8426
13225,3006349,0.0,0.0,26.21,-5.72,1.04,61.8,0,51.5,15.45,0,0,0,0,0,0,0,0,25.75,0,51.5,0,0,0,0,ng,Texas,4.943,4.6402,0.0004,0,306,South Central,30.3974,-97.8426
13226,3007005,162.76,31.99,82.97,-18.09,1.04,195.6,1,163.0,48.9,0,0,0,0,0,0,0,0,81.5,0,163.0,0,0,0,0,ng,Texas,4.467,4.7896,0.0004,0,307,Coast,29.7248,-95.1765
13227,3007006,162.76,55.98,82.97,-18.09,1.04,195.6,1,163.0,48.9,0,0,0,0,0,0,0,0,81.5,0,163.0,0,0,0,0,ng,Texas,4.467,4.7896,0.0004,0,307,Coast,29.7248,-95.1765
13228,3007007,162.76,36.94,82.97,-18.09,1.04,195.6,1,163.0,48.9,0,0,0,0,0,0,0,0,81.5,0,163.0,0,0,0,0,ng,Texas,4.467,4.7896,0.0004,0,307,Coast,29.7248,-95.1765
13229,3007008,162.76,34.59,82.97,-18.09,1.04,195.6,1,163.0,48.9,0,0,0,0,0,0,0,0,81.5,0,163.0,0,0,0,0,ng,Texas,4.467,4.7896,0.0004,0,307,Coast,29.7248,-95.1765
13230,3007009,162.76,31.41,82.97,-18.09,1.04,195.6,1,163.0,48.9,0,0,0,0,0,0,0,0,81.5,0,163.0,0,0,0,0,ng,Texas,4.467,4.7896,0.0004,0,307,Coast,29.7248,-95.1765
13231,3007015,0.0,0.0,2.04,-0.44,1.04,4.8,0,4.0,1.2,0,0,0,0,0,0,0,0,2.0,0,4.0,0,0,0,0,ng,Texas,4.467,4.5765,0.0004,0,307,Coast,29.8108,-95.2539
13232,3007021,22.37,11.4,11.4,-2.49,1.04,26.88,1,22.4,6.72,0,0,0,0,0,0,0,0,11.2,0,22.4,0,0,0,0,ng,Texas,4.93,4.6012,0.0004,0,307,Coast,28.8947,-97.135
13233,3007022,47.33,24.13,24.13,-5.26,1.04,56.88,1,47.4,14.22,0,0,0,0,0,0,0,0,23.7,0,47.4,0,0,0,0,ng,Texas,4.93,4.6347,0.0004,0,307,Coast,28.8947,-97.135
13234,3007023,47.33,24.13,24.13,-5.26,1.04,56.88,1,47.4,14.22,0,0,0,0,0,0,0,0,23.7,0,47.4,0,0,0,0,ng,Texas,4.93,4.6347,0.0004,0,307,Coast,28.8947,-97.135
13235,3007024,94.66,48.25,48.25,-10.52,1.04,113.76,1,94.8,28.44,0,0,0,0,0,0,0,0,47.4,0,94.8,0,0,0,0,ng,Texas,4.93,4.6982,0.0004,0,307,Coast,28.8947,-97.135
13236,3007025,0.0,0.0,1.63,-0.36,1.04,3.84,0,3.2,0.96,0,0,0,0,0,0,0,0,1.6,0,3.2,0,0,0,0,ng,Texas,4.93,4.5754,0.0004,0,307,Coast,28.8947,-97.135
13237,3007031,29.1,0.0,0.0,0.0,1.04,46.56,1,38.8,0.0,0,0,0,0,0,0,0,0,0.0,0,38.8,0,0,0,0,solar,Texas,0.0,0.0,0.0,0,307,Coast,28.5707,-96.8333
13238,3007032,7.5,0.0,0.0,0.0,1.04,12.0,1,10.0,0.0,0,0,0,0,0,0,0,0,0.0,0,10.0,0,0,0,0,solar,Texas,0.0,0.0,0.0,0,307,Coast,28.5707,-96.8333
13239,3007033,7.5,0.0,0.0,0.0,1.04,12.0,1,10.0,0.0,0,0,0,0,0,0,0,0,0.0,0,10.0,0,0,0,0,solar,Texas,0.0,0.0,0.0,0,307,Coast,28.5707,-96.8333
13240,3007034,0.0,0.0,0.0,0.0,1.04,5.28,0,4.4,0.0,0,0,0,0,0,0,0,0,0.0,0,4.4,0,0,0,0,solar,Texas,0.0,0.0,0.0,0,307,Coast,28.5707,-96.8333
13241,3007045,188.17,25.83,95.92,-20.92,1.03,226.14,1,188.45,56.53,0,0,0,0,0,0,0,0,94.22,0,188.45,0,0,0,0,ng,Texas,4.93,4.8237,0.0004,0,307,Coast,28.7883,-97.01
13242,3007046,188.17,53.77,95.92,-20.92,1.03,226.14,1,188.45,56.53,0,0,0,0,0,0,0,0,94.22,0,188.45,0,0,0,0,ng,Texas,4.93,4.8237,0.0004,0,307,Coast,28.7883,-97.01
13243,3007061,68.06,-12.75,58.48,-12.75,1.0,137.88,1,114.9,34.47,0,0,0,0,0,0,0,0,57.45,0,114.9,0,0,0,0,ng,Texas,4.93,4.7251,0.0004,0,307,Coast,28.6917,-96.5417
13244,3007062,68.06,-12.75,58.48,-12.75,1.0,137.88,1,114.9,34.47,0,0,0,0,0,0,0,0,57.45,0,114.9,0,0,0,0,ng,Texas,4.93,4.7251,0.0004,0,307,Coast,28.6917,-96.5417
13245,3007063,68.06,-12.75,58.48,-12.75,1.0,137.88,1,114.9,34.47,0,0,0,0,0,0,0,0,57.45,0,114.9,0,0,0,0,ng,Texas,4.93,4.7251,0.0004,0,307,Coast,28.6917,-96.5417
13246,3007064,84.15,-12.75,58.48,-12.75,1.0,137.88,1,114.9,34.47,0,0,0,0,0,0,0,0,57.45,0,114.9,0,0,0,0,ng,Texas,4.93,4.7251,0.0004,0,307,Coast,28.6917,-96.5417
13247,3007065,84.15,-12.75,58.48,-12.75,1.0,137.88,1,114.9,34.47,0,0,0,0,0,0,0,0,57.45,0,114.9,0,0,0,0,ng,Texas,4.93,4.7251,0.0004,0,307,Coast,28.6917,-96.5417
13248,3007066,69.08,-12.75,58.48,-12.75,1.0,137.88,1,114.9,34.47,0,0,0,0,0,0,0,0,57.45,0,114.9,0,0,0,0,ng,Texas,4.93,4.7251,0.0004,0,307,Coast,28.6917,-96.5417
13249,3007079,161.82,35.84,116.38,-25.38,1.04,274.38,1,228.65,68.59,0,0,0,0,0,0,0,0,109.41,0,228.65,0,0,0,0,ng,Texas,4.467,4.8775,0.0004,0,307,Coast,29.7731,-94.9019
13250,3007080,167.45,28.09,116.38,-25.38,1.04,274.38,1,228.65,68.59,0,0,0,0,0,0,0,0,109.41,0,228.65,0,0,0,0,ng,Texas,4.467,4.8775,0.0004,0,307,Coast,29.7731,-94.9019
13251,3007081,167.45,28.43,116.38,-25.38,1.04,274.38,1,228.65,68.59,0,0,0,0,0,0,0,0,109.41,0,228.65,0,0,0,0,ng,Texas,4.467,4.8775,0.0004,0,307,Coast,29.7731,-94.9019
13252,3007082,167.45,34.7,116.38,-25.38,1.04,274.38,1,228.65,68.59,0,0,0,0,0,0,0,0,109.41,0,228.65,0,0,0,0,ng,Texas,4.467,4.8775,0.0004,0,307,Coast,29.7731,-94.9019
13253,3007098,1236.22,189.29,498.38,-111.05,1.0,1625.16,1,1354.3,406.29,0,0,0,0,0,0,0,0,0.0,0,1354.3,0,0,0,0,nuclear,Texas,1.0,7.0627,0.0002,0,307,Coast,28.795,-96.0481
13254,3007099,1352.3,-14.48,498.38,-111.05,1.0,1625.16,1,1354.3,406.29,0,0,0,0,0,0,0,0,0.0,0,1354.3,0,0,0,0,nuclear,Texas,1.0,7.4446,0.0002,0,307,Coast,28.795,-96.0481
13255,3007107,149.78,75.03,76.35,-16.65,1.04,180.0,1,150.0,45.0,0,0,0,0,0,0,0,0,75.0,0,150.0,0,0,0,0,ng,Texas,4.467,4.7721,0.0004,0,307,Coast,29.7232,-95.1289
13256,3007108,50.92,16.82,25.96,-5.66,1.04,61.2,1,51.0,15.3,0,0,0,0,0,0,0,0,25.5,0,51.0,0,0,0,0,ng,Texas,4.467,4.6395,0.0004,0,307,Coast,29.7232,-95.1289
13257,3007109,50.92,20.45,25.96,-5.66,1.04,61.2,1,51.0,15.3,0,0,0,0,0,0,0,0,25.5,0,51.0,0,0,0,0,ng,Texas,4.467,4.6395,0.0004,0,307,Coast,29.7232,-95.1289
13258,3007110,195.71,42.29,99.76,-21.76,1.04,235.2,1,196.0,58.8,0,0,0,0,0,0,0,0,98.0,0,196.0,0,0,0,0,ng,Texas,4.467,4.8338,0.0004,0,307,Coast,29.7232,-95.1289
13259,3007111,195.71,41.23,99.76,-21.76,1.04,235.2,1,196.0,58.8,0,0,0,0,0,0,0,0,98.0,0,196.0,0,0,0,0,ng,Texas,4.467,4.8338,0.0004,0,307,Coast,29.7232,-95.1289
13260,3007112,195.71,65.18,99.76,-21.76,1.04,235.2,1,196.0,58.8,0,0,0,0,0,0,0,0,98.0,0,196.0,0,0,0,0,ng,Texas,4.467,4.8338,0.0004,0,307,Coast,29.7232,-95.1289
13261,3007113,195.71,35.4,99.76,-21.76,1.04,235.2,1,196.0,58.8,0,0,0,0,0,0,0,0,98.0,0,196.0,0,0,0,0,ng,Texas,4.467,4.8338,0.0004,0,307,Coast,29.7232,-95.1289
13262,3007114,195.71,69.11,99.76,-21.76,1.04,235.2,1,196.0,58.8,0,0,0,0,0,0,0,0,98.0,0,196.0,0,0,0,0,ng,Texas,4.467,4.8338,0.0004,0,307,Coast,29.7232,-95.1289
13263,3007115,195.71,69.47,99.76,-21.76,1.04,235.2,1,196.0,58.8,0,0,0,0,0,0,0,0,98.0,0,196.0,0,0,0,0,ng,Texas,4.467,4.8338,0.0004,0,307,Coast,29.7232,-95.1289
13264,3007121,0.0,0.0,1.88,-0.41,1.04,4.44,0,3.7,1.11,0,0,0,0,0,0,0,0,1.85,0,3.7,0,0,0,0,ng,Texas,4.467,4.5761,0.0004,0,307,Coast,29.726,-95.6382
13265,3007122,0.0,0.0,2.19,-0.48,1.04,5.16,0,4.3,1.29,0,0,0,0,0,0,0,0,2.15,0,4.3,0,0,0,0,ng,Texas,4.467,4.5769,0.0004,0,307,Coast,29.726,-95.6382
13266,3007133,16.28,-1.81,8.3,-1.81,1.0,19.56,1,16.3,4.89,0,0,0,0,0,0,0,0,8.15,0,16.3,0,0,0,0,ng,Texas,4.467,4.593,0.0004,0,307,Coast,29.7268,-95.0598
13267,3007134,206.25,-22.93,105.13,-22.93,1.0,247.86,1,206.55,61.97,0,0,0,0,0,0,0,0,102.26,0,206.55,0,0,0,0,ng,Texas,4.467,4.8479,0.0004,0,307,Coast,29.7268,-95.0598
13268,3007135,206.25,-22.93,105.13,-22.93,1.0,247.86,1,206.55,61.97,0,0,0,0,0,0,0,0,102.26,0,206.55,0,0,0,0,ng,Texas,4.467,4.8479,0.0004,0,307,Coast,29.7268,-95.0598
13269,3007136,206.25,-22.93,105.13,-22.93,1.0,247.86,1,206.55,61.97,0,0,0,0,0,0,0,0,102.26,0,206.55,0,0,0,0,ng,Texas,4.467,4.8479,0.0004,0,307,Coast,29.7268,-95.0598
13270,3007137,206.25,-22.93,105.13,-22.93,1.0,247.86,1,206.55,61.97,0,0,0,0,0,0,0,0,102.26,0,206.55,0,0,0,0,ng,Texas,4.467,4.8479,0.0004,0,307,Coast,29.7268,-95.0598
13271,3007138,380.14,-42.26,193.78,-42.26,1.0,456.84,1,380.7,114.21,0,0,0,0,0,0,0,0,138.76,0,380.7,0,0,0,0,ng,Texas,4.467,5.0813,0.0004,0,307,Coast,29.7268,-95.0598
13272,3007139,58.91,-6.55,30.03,-6.55,1.0,70.8,1,59.0,17.7,0,0,0,0,0,0,0,0,29.5,0,59.0,0,0,0,0,ng,Texas,4.467,4.6502,0.0004,0,307,Coast,29.7268,-95.0598
13273,3007140,58.91,-6.55,30.03,-6.55,1.0,70.8,1,59.0,17.7,0,0,0,0,0,0,0,0,29.5,0,59.0,0,0,0,0,ng,Texas,4.467,4.6502,0.0004,0,307,Coast,29.7268,-95.0598
13274,3007141,58.91,-6.55,30.03,-6.55,1.0,70.8,1,59.0,17.7,0,0,0,0,0,0,0,0,29.5,0,59.0,0,0,0,0,ng,Texas,4.467,4.6502,0.0004,0,307,Coast,29.7268,-95.0598
13275,3007142,58.91,-6.55,30.03,-6.55,1.0,70.8,1,59.0,17.7,0,0,0,0,0,0,0,0,29.5,0,59.0,0,0,0,0,ng,Texas,4.467,4.6502,0.0004,0,307,Coast,29.7268,-95.0598
13276,3007146,10.18,-1.13,5.19,-1.13,1.01,12.24,1,10.2,3.06,0,0,0,0,0,0,0,0,5.1,0,10.2,0,0,0,0,ng,Texas,4.467,4.5848,0.0004,0,307,Coast,29.9522,-95.2422
13277,3007162,110.44,56.3,56.3,-12.28,1.04,132.72,1,110.6,33.18,0,0,0,0,0,0,0,0,55.3,0,110.6,0,0,0,0,ng,Texas,4.467,4.7193,0.0004,0,307,Coast,29.9417,-95.5306
13278,3007163,110.44,49.51,56.3,-12.28,1.04,132.72,1,110.6,33.18,0,0,0,0,0,0,0,0,55.3,0,110.6,0,0,0,0,ng,Texas,4.467,4.7193,0.0004,0,307,Coast,29.9417,-95.5306
13279,3007164,110.44,56.3,56.3,-12.28,1.04,132.72,1,110.6,33.18,0,0,0,0,0,0,0,0,55.3,0,110.6,0,0,0,0,ng,Texas,4.467,4.7193,0.0004,0,307,Coast,29.9417,-95.5306
13280,3007165,110.44,56.3,56.3,-12.28,1.04,132.72,1,110.6,33.18,0,0,0,0,0,0,0,0,55.3,0,110.6,0,0,0,0,ng,Texas,4.467,4.7193,0.0004,0,307,Coast,29.9417,-95.5306
13281,3007166,110.44,42.45,56.3,-12.28,1.04,132.72,1,110.6,33.18,0,0,0,0,0,0,0,0,55.3,0,110.6,0,0,0,0,ng,Texas,4.467,4.7193,0.0004,0,307,Coast,29.9417,-95.5306
13282,3007167,110.44,35.37,56.3,-12.28,1.04,132.72,1,110.6,33.2,0,0,0,0,0,0,0,0,55.3,0,110.6,0,0,0,0,ng,Texas,4.467,4.7193,0.0004,0,307,Coast,29.9417,-95.5306
13283,3007168,87.59,44.65,44.65,-9.74,1.04,105.26,1,87.72,26.32,0,0,0,0,0,0,0,0,43.86,0,87.72,0,0,0,0,ng,Texas,4.467,4.6887,0.0004,0,307,Coast,29.9417,-95.5306
13284,3007169,87.59,44.65,44.65,-9.74,1.04,105.26,1,87.72,26.3,0,0,0,0,0,0,0,0,43.86,0,87.72,0,0,0,0,ng,Texas,4.467,4.6887,0.0004,0,307,Coast,29.9417,-95.5306
13285,3007170,336.73,101.63,178.59,-38.95,1.04,421.04,1,350.87,105.26,0,0,0,0,0,0,0,0,135.73,0,350.87,0,0,0,0,ng,Texas,4.467,5.0413,0.0004,0,307,Coast,29.9417,-95.5306
13286,3007189,6.89,3.51,3.51,-0.77,1.03,8.28,1,6.9,2.07,0,0,0,0,0,0,0,0,3.45,0,6.9,0,0,0,0,ng,Texas,4.467,4.5804,0.0004,0,307,Coast,29.721,-95.3954
13287,3007190,47.93,9.97,24.43,-5.33,1.03,57.6,1,48.0,14.4,0,0,0,0,0,0,0,0,24.0,0,48.0,0,0,0,0,ng,Texas,4.467,4.6355,0.0004,0,307,Coast,29.721,-95.3954
13288,3007191,0.0,0.0,2.55,-0.55,1.03,6.0,0,5.0,1.5,0,0,0,0,0,0,0,0,2.5,0,5.0,0,0,0,0,ng,Texas,4.467,4.5778,0.0004,0,307,Coast,29.721,-95.3954
13289,3007192,34.95,14.05,17.81,-3.88,1.03,42.0,1,35.0,10.5,0,0,0,0,0,0,0,0,17.5,0,35.0,0,0,0,0,ng,Texas,4.467,4.618,0.0004,0,307,Coast,29.721,-95.3954
13290,3007193,7.49,3.82,3.82,-0.83,1.03,9.0,1,7.5,2.25,0,0,0,0,0,0,0,0,3.75,0,7.5,0,0,0,0,ng,Texas,4.467,4.5812,0.0004,0,307,Coast,29.721,-95.3954
13291,3007194,230.61,35.47,117.55,-25.64,1.03,277.14,1,230.95,69.28,0,0,0,0,0,0,0,0,110.11,0,230.95,0,0,0,0,ng,Texas,4.467,4.8806,0.0004,0,307,Coast,29.721,-95.3954
13292,3007195,230.61,30.53,117.55,-25.64,1.03,277.14,1,230.95,69.28,0,0,0,0,0,0,0,0,110.11,0,230.95,0,0,0,0,ng,Texas,4.467,4.8806,0.0004,0,307,Coast,29.721,-95.3954
13293,3007196,230.61,54.9,117.55,-25.64,1.03,277.14,1,230.95,69.28,0,0,0,0,0,0,0,0,110.11,0,230.95,0,0,0,0,ng,Texas,4.467,4.8806,0.0004,0,307,Coast,29.721,-95.3954
13294,3007197,230.61,85.19,117.55,-25.64,1.03,277.14,1,230.95,69.28,0,0,0,0,0,0,0,0,110.11,0,230.95,0,0,0,0,ng,Texas,4.467,4.8806,0.0004,0,307,Coast,29.721,-95.3954
13295,3007207,0.0,0.0,2.04,-0.44,1.04,4.8,0,4.0,1.2,0,0,0,0,0,0,0,0,2.0,0,4.0,0,0,0,0,ng,Texas,4.467,4.5765,0.0004,0,307,Coast,29.6744,-94.9139
13296,3007208,763.87,76.51,389.39,-84.92,1.04,918.0,1,765.0,229.5,0,0,0,0,0,0,0,0,153.0,0,765.0,0,0,0,0,ng,Texas,4.467,5.5962,0.0004,0,307,Coast,29.6744,-94.9139
13297,3007209,763.87,98.88,389.39,-84.92,1.04,918.0,1,765.0,229.5,0,0,0,0,0,0,0,0,153.0,0,765.0,0,0,0,0,ng,Texas,4.467,5.5962,0.0004,0,307,Coast,29.6744,-94.9139
13298,3007210,178.24,25.66,90.86,-19.81,1.04,214.2,1,178.5,53.55,0,0,0,0,0,0,0,0,89.25,0,178.5,0,0,0,0,ng,Texas,4.467,4.8103,0.0004,0,307,Coast,29.6744,-94.9139
13299,3007211,178.24,36.02,90.86,-19.81,1.04,214.2,1,178.5,53.55,0,0,0,0,0,0,0,0,89.25,0,178.5,0,0,0,0,ng,Texas,4.467,4.8103,0.0004,0,307,Coast,29.6744,-94.9139
13300,3007212,178.24,23.52,90.86,-19.81,1.04,214.2,1,178.5,53.55,0,0,0,0,0,0,0,0,89.25,0,178.5,0,0,0,0,ng,Texas,4.467,4.8103,0.0004,0,307,Coast,29.6744,-94.9139
13301,3007266,304.15,-33.81,155.04,-33.81,1.01,365.52,1,304.6,91.38,0,0,0,0,0,0,0,0,128.4,0,304.6,0,0,0,0,ng,Texas,4.467,4.9793,0.0004,0,307,Coast,29.6225,-95.0458
13302,3007267,90.51,-10.06,46.14,-10.06,1.01,108.77,1,90.64,27.19,0,0,0,0,0,0,0,0,45.32,0,90.64,0,0,0,0,ng,Texas,4.467,4.6926,0.0004,0,307,Coast,29.6225,-95.0458
13303,3007268,90.51,-10.06,46.14,-10.06,1.01,108.77,1,90.64,27.19,0,0,0,0,0,0,0,0,45.32,0,90.64,0,0,0,0,ng,Texas,4.467,4.6926,0.0004,0,307,Coast,29.6225,-95.0458
13304,3007269,90.51,-10.06,46.14,-10.06,1.01,108.77,1,90.64,27.19,0,0,0,0,0,0,0,0,45.32,0,90.64,0,0,0,0,ng,Texas,4.467,4.6926,0.0004,0,307,Coast,29.6225,-95.0458
13305,3007270,181.01,-20.12,92.27,-20.12,1.01,217.54,1,181.28,54.38,0,0,0,0,0,0,0,0,90.64,0,181.28,0,0,0,0,ng,Texas,4.467,4.814,0.0004,0,307,Coast,29.6225,-95.0458
13306,3007280,0.0,0.0,13.08,-2.85,1.04,30.84,0,25.7,7.71,0,0,0,0,0,0,0,0,12.85,0,25.7,0,0,0,0,ng,Texas,4.467,4.6056,0.0004,0,307,Coast,29.8247,-94.9197
13307,3007281,0.0,0.0,7.64,-1.67,1.04,18.0,0,15.0,4.5,0,0,0,0,0,0,0,0,7.5,0,15.0,0,0,0,0,ng,Texas,4.467,4.5912,0.0004,0,307,Coast,29.8247,-94.9197
13308,3007284,0.0,0.0,0.0,0.0,1.04,9.0,0,7.5,0.0,0,0,0,0,0,0,0,0,0.0,0,7.5,0,0,0,0,solar,Texas,0.0,0.0,0.0,0,307,Coast,29.7535,-94.9973
13309,3007285,21.22,0.0,0.0,0.0,1.04,33.96,1,28.3,0.0,0,0,0,0,0,0,0,0,0.0,0,28.3,0,0,0,0,solar,Texas,0.0,0.0,0.0,0,307,Coast,29.7535,-94.9973
13310,3007286,21.22,0.0,0.0,0.0,1.04,33.96,1,28.3,0.0,0,0,0,0,0,0,0,0,0.0,0,28.3,0,0,0,0,solar,Texas,0.0,0.0,0.0,0,307,Coast,29.7535,-94.9973
13311,3007287,21.22,0.0,0.0,0.0,1.04,33.96,1,28.3,0.0,0,0,0,0,0,0,0,0,0.0,0,28.3,0,0,0,0,solar,Texas,0.0,0.0,0.0,0,307,Coast,29.7535,-94.9973
13312,3007288,21.22,0.0,0.0,0.0,1.04,33.96,1,28.3,0.0,0,0,0,0,0,0,0,0,0.0,0,28.3,0,0,0,0,solar,Texas,0.0,0.0,0.0,0,307,Coast,29.7535,-94.9973
13313,3007289,42.45,0.0,0.0,0.0,1.04,67.92,1,56.6,0.0,0,0,0,0,0,0,0,0,0.0,0,56.6,0,0,0,0,solar,Texas,0.0,0.0,0.0,0,307,Coast,29.7535,-94.9973
13314,3007307,96.54,49.21,49.21,-10.73,1.04,116.02,1,96.68,29.0,0,0,0,0,0,0,0,0,48.34,0,96.68,0,0,0,0,ng,Texas,4.93,4.7007,0.0004,0,307,Coast,29.2878,-96.0683
13315,3007308,96.54,49.21,49.21,-10.73,1.04,116.02,1,96.68,29.0,0,0,0,0,0,0,0,0,48.34,0,96.68,0,0,0,0,ng,Texas,4.93,4.7007,0.0004,0,307,Coast,29.2878,-96.0683
13316,3007309,0.0,0.0,49.21,-10.73,1.04,116.02,0,96.68,29.0,0,0,0,0,0,0,0,0,48.34,0,96.68,0,0,0,0,ng,Texas,4.93,4.7007,0.0004,0,307,Coast,29.2878,-96.0683
13317,3007310,96.54,44.3,49.21,-10.73,1.04,116.02,1,96.68,29.0,0,0,0,0,0,0,0,0,48.34,0,96.68,0,0,0,0,ng,Texas,4.93,4.7007,0.0004,0,307,Coast,29.2878,-96.0683
13318,3007311,193.08,98.42,98.42,-21.46,1.04,232.04,1,193.37,58.01,0,0,0,0,0,0,0,0,96.69,0,193.37,0,0,0,0,ng,Texas,4.93,4.8302,0.0004,0,307,Coast,29.2878,-96.0683
13319,3007323,38.88,-13.82,63.36,-13.82,1.02,149.37,1,124.48,37.34,0,0,0,0,0,0,0,0,62.24,0,124.47,0,0,0,0,ng,Texas,4.467,4.7379,0.0004,0,307,Coast,28.9802,-95.342
13320,3007324,38.88,-13.82,63.36,-13.82,1.02,149.37,1,124.48,37.34,0,0,0,0,0,0,0,0,62.24,0,124.47,0,0,0,0,ng,Texas,4.467,4.7379,0.0004,0,307,Coast,28.9802,-95.342
13321,3007325,38.88,-13.82,63.36,-13.82,1.02,149.37,1,124.48,37.34,0,0,0,0,0,0,0,0,62.24,0,124.47,0,0,0,0,ng,Texas,4.467,4.7379,0.0004,0,307,Coast,28.9802,-95.342
13322,3007326,38.88,-13.82,63.36,-13.82,1.02,149.37,1,124.48,37.34,0,0,0,0,0,0,0,0,62.24,0,124.47,0,0,0,0,ng,Texas,4.467,4.7379,0.0004,0,307,Coast,28.9802,-95.342
13323,3007329,31.83,34.79,51.87,-11.31,1.04,122.28,1,101.9,30.57,0,0,0,0,0,0,0,0,50.95,0,101.9,0,0,0,0,ng,Texas,4.93,4.7077,0.0004,0,307,Coast,29.2639,-95.8997
13324,3007334,0.0,0.0,2.19,-0.57,1.04,5.64,0,4.7,1.41,0,0,0,0,0,0,0,0,1.88,0,4.7,0,0,0,0,coal,Texas,2.748,8.0169,0.0008,0,307,Coast,29.7233,-95.2103
13325,3007335,141.65,128.35,211.33,-55.33,1.04,544.2,1,453.5,136.05,0,0,0,0,0,0,0,0,157.45,0,453.5,0,0,0,0,coal,Texas,2.748,8.0169,0.0008,0,307,Coast,29.7233,-95.2103
13326,3007349,313.37,119.0,159.74,-34.83,1.04,376.59,1,313.83,94.15,0,0,0,0,0,0,0,0,130.12,0,313.83,0,0,0,0,ng,Texas,4.467,4.9917,0.0004,0,307,Coast,29.4828,-95.6311
13327,3007350,313.37,51.57,159.74,-34.83,1.04,376.59,1,313.83,94.15,0,0,0,0,0,0,0,0,130.12,0,313.83,0,0,0,0,ng,Texas,4.467,4.9917,0.0004,0,307,Coast,29.4828,-95.6311
13328,3007351,313.37,40.83,159.74,-34.83,1.04,376.59,1,313.83,94.15,0,0,0,0,0,0,0,0,130.12,0,313.83,0,0,0,0,ng,Texas,4.467,4.9917,0.0004,0,307,Coast,29.4828,-95.6311
13329,3007352,313.37,42.21,159.74,-34.83,1.04,376.59,1,313.83,94.15,0,0,0,0,0,0,0,0,130.12,0,313.83,0,0,0,0,ng,Texas,4.467,4.9917,0.0004,0,307,Coast,29.4828,-95.6311
13330,3007353,600.63,67.24,348.26,-75.95,1.04,821.04,1,684.2,205.26,0,0,0,0,0,0,0,0,136.84,0,684.2,0,0,0,0,ng,Texas,4.467,5.4879,0.0004,0,307,Coast,29.4828,-95.6311
13331,3007354,596.86,107.2,348.26,-75.95,1.04,821.04,1,684.2,205.26,0,0,0,0,0,0,0,0,136.84,0,684.2,0,0,0,0,ng,Texas,4.467,5.4879,0.0004,0,307,Coast,29.4828,-95.6311
13332,3007355,596.86,106.44,348.26,-75.95,1.04,821.04,1,684.2,205.26,0,0,0,0,0,0,0,0,136.84,0,684.2,0,0,0,0,ng,Texas,4.467,5.4879,0.0004,0,307,Coast,29.4828,-95.6311
13333,3007356,596.8,110.03,348.26,-75.95,1.04,821.04,1,684.2,205.0,0,0,0,0,0,0,0,0,136.84,0,684.2,0,0,0,0,ng,Texas,4.467,5.4879,0.0004,0,307,Coast,29.4828,-95.6311
13334,3007357,16.28,8.3,8.3,-1.81,1.04,19.56,1,16.3,4.89,0,0,0,0,0,0,0,0,8.15,0,16.3,0,0,0,0,ng,Texas,4.467,4.593,0.0004,0,307,Coast,29.4828,-95.6311
13335,3007358,224.87,33.79,114.63,-25.0,1.04,270.24,1,225.2,67.56,0,0,0,0,0,0,0,0,108.34,0,225.2,0,0,0,0,ng,Texas,4.467,4.8729,0.0004,0,307,Coast,29.4828,-95.6311
13336,3007359,224.87,74.02,114.63,-25.0,1.04,270.24,1,225.2,67.56,0,0,0,0,0,0,0,0,108.34,0,225.2,0,0,0,0,ng,Texas,4.467,4.8729,0.0004,0,307,Coast,29.4828,-95.6311
13337,3007360,224.87,45.38,114.63,-25.0,1.04,270.24,1,225.2,67.56,0,0,0,0,0,0,0,0,108.34,0,225.2,0,0,0,0,ng,Texas,4.467,4.8729,0.0004,0,307,Coast,29.4828,-95.6311
13338,3007361,102.55,27.74,52.27,-11.4,1.04,123.24,1,102.7,30.81,0,0,0,0,0,0,0,0,51.35,0,102.7,0,0,0,0,ng,Texas,4.467,4.7088,0.0004,0,307,Coast,29.4828,-95.6311
13339,3007369,107.11,27.68,54.6,-11.91,1.04,128.72,1,107.27,32.18,0,0,0,0,0,0,0,0,53.63,0,107.27,0,0,0,0,ng,Texas,4.467,4.7149,0.0004,0,307,Coast,29.8161,-95.1077
13340,3007370,107.11,22.32,54.6,-11.91,1.04,128.72,1,107.27,32.18,0,0,0,0,0,0,0,0,53.63,0,107.27,0,0,0,0,ng,Texas,4.467,4.7149,0.0004,0,307,Coast,29.8161,-95.1077
13341,3007371,107.11,26.67,54.6,-11.91,1.04,128.72,1,107.27,32.18,0,0,0,0,0,0,0,0,53.63,0,107.27,0,0,0,0,ng,Texas,4.467,4.7149,0.0004,0,307,Coast,29.8161,-95.1077
13342,3007372,107.11,28.44,54.6,-11.91,1.04,128.72,1,107.27,32.18,0,0,0,0,0,0,0,0,53.63,0,107.27,0,0,0,0,ng,Texas,4.467,4.7149,0.0004,0,307,Coast,29.8161,-95.1077
13343,3007373,107.11,54.6,54.6,-11.91,1.04,128.72,1,107.27,32.18,0,0,0,0,0,0,0,0,53.63,0,107.27,0,0,0,0,ng,Texas,4.467,4.7149,0.0004,0,307,Coast,29.8161,-95.1077
13344,3007374,107.11,34.91,54.6,-11.91,1.04,128.72,1,107.27,32.18,0,0,0,0,0,0,0,0,53.63,0,107.27,0,0,0,0,ng,Texas,4.467,4.7149,0.0004,0,307,Coast,29.8161,-95.1077
13345,3007375,183.39,34.36,93.48,-20.39,1.04,220.39,1,183.66,55.1,0,0,0,0,0,0,0,0,91.83,0,183.66,0,0,0,0,ng,Texas,4.467,4.8172,0.0004,0,307,Coast,29.8161,-95.1077
13346,3007376,183.39,37.3,93.48,-20.39,1.04,220.39,1,183.66,55.1,0,0,0,0,0,0,0,0,91.83,0,183.66,0,0,0,0,ng,Texas,4.467,4.8172,0.0004,0,307,Coast,29.8161,-95.1077
13347,3007377,183.39,47.31,93.48,-20.39,1.04,220.39,1,183.66,55.1,0,0,0,0,0,0,0,0,91.83,0,183.66,0,0,0,0,ng,Texas,4.467,4.8172,0.0004,0,307,Coast,29.8161,-95.1077
13348,3007378,183.39,38.64,93.48,-20.39,1.04,220.39,1,183.66,55.1,0,0,0,0,0,0,0,0,91.83,0,183.66,0,0,0,0,ng,Texas,4.467,4.8172,0.0004,0,307,Coast,29.8161,-95.1077
13349,3007379,183.39,41.66,93.48,-20.39,1.04,220.39,1,183.66,55.1,0,0,0,0,0,0,0,0,91.83,0,183.66,0,0,0,0,ng,Texas,4.467,4.8172,0.0004,0,307,Coast,29.8161,-95.1077
13350,3007389,542.0,276.29,276.29,-60.25,1.04,651.36,1,542.8,162.84,0,0,0,0,0,0,0,0,131.85,0,542.8,0,0,0,0,ng,Texas,4.467,5.2985,0.0004,0,307,Coast,30.4356,-95.5214
13351,3007400,71.89,-7.99,36.65,-7.99,1.0,86.4,1,72.0,21.6,0,0,0,0,0,0,0,0,36.0,0,72.0,0,0,0,0,ng,Texas,4.467,4.6676,0.0004,0,307,Coast,29.8222,-95.2194
13352,3007400,71.89,-7.99,36.65,-7.99,1.0,86.4,1,72.0,21.6,0,0,0,0,0,0,0,0,36.0,0,72.0,0,0,0,0,ng,Texas,4.467,4.6676,0.0004,0,307,Coast,29.8222,-95.2194
13353,3007400,71.89,-7.99,36.65,-7.99,1.0,86.4,1,72.0,21.6,0,0,0,0,0,0,0,0,36.0,0,72.0,0,0,0,0,ng,Texas,4.467,4.6676,0.0004,0,307,Coast,29.8222,-95.2194
13354,3007400,71.89,-7.99,36.65,-7.99,1.0,86.4,1,72.0,21.6,0,0,0,0,0,0,0,0,36.0,0,72.0,0,0,0,0,ng,Texas,4.467,4.6676,0.0004,0,307,Coast,29.8222,-95.2194
13355,3007400,143.79,-15.98,73.3,-15.98,1.0,172.8,1,144.0,43.2,0,0,0,0,0,0,0,0,72.0,0,144.0,0,0,0,0,ng,Texas,4.467,4.7641,0.0004,0,307,Coast,29.8222,-95.2194
13356,3007400,445.74,-49.55,227.22,-49.55,1.0,535.68,1,446.4,133.92,0,0,0,0,0,0,0,0,140.71,0,446.4,0,0,0,0,ng,Texas,4.467,5.1693,0.0004,0,307,Coast,29.8222,-95.2194
13357,3007406,63.01,32.12,32.12,-7.0,1.04,75.72,1,63.1,18.93,0,0,0,0,0,0,0,0,31.55,0,63.1,0,0,0,0,ng,Texas,4.93,4.6557,0.0004,0,307,Coast,28.6527,-96.56
13358,3007406,309.54,157.79,157.79,-34.41,1.04,372.0,1,310.0,93.0,0,0,0,0,0,0,0,0,129.42,0,310.0,0,0,0,0,ng,Texas,4.93,4.9865,0.0004,0,307,Coast,28.6527,-96.56
13359,3007414,102.25,52.12,52.12,-11.37,1.03,122.88,1,102.4,30.72,0,0,0,0,0,0,0,0,51.2,0,102.4,0,0,0,0,ng,Texas,4.93,4.7084,0.0004,0,307,Coast,28.6751,-96.956
13360,3007419,88.07,-9.79,44.89,-9.79,1.0,105.84,1,88.2,26.46,0,0,0,0,0,0,0,0,44.1,0,88.2,0,0,0,0,ng,Texas,4.467,4.6893,0.0004,0,307,Coast,29.6948,-95.0406
13361,3007419,88.07,-9.79,44.89,-9.79,1.0,105.84,1,88.2,26.46,0,0,0,0,0,0,0,0,44.1,0,88.2,0,0,0,0,ng,Texas,4.467,4.6893,0.0004,0,307,Coast,29.6948,-95.0406
13362,3007422,2.12,3.46,3.46,-0.75,1.04,8.16,1,6.8,2.04,0,0,0,0,0,0,0,0,3.4,0,6.8,0,0,0,0,ng,Texas,4.467,4.5803,0.0004,0,307,Coast,29.425,-95.1872
13363,3007422,53.79,41.76,87.65,-19.11,1.04,206.64,1,172.2,51.66,0,0,0,0,0,0,0,0,86.1,0,172.2,0,0,0,0,ng,Texas,4.467,4.8019,0.0004,0,307,Coast,29.425,-95.1872
13364,3007422,53.79,41.76,87.65,-19.11,1.04,206.64,1,172.2,51.66,0,0,0,0,0,0,0,0,86.1,0,172.2,0,0,0,0,ng,Texas,4.467,4.8019,0.0004,0,307,Coast,29.425,-95.1872
13365,3007422,35.14,41.76,57.26,-12.49,1.04,135.0,1,112.5,33.75,0,0,0,0,0,0,0,0,56.25,0,112.5,0,0,0,0,ng,Texas,4.467,4.7219,0.0004,0,307,Coast,29.425,-95.1872
13366,3007422,35.14,41.76,57.26,-12.49,1.04,135.0,1,112.5,33.75,0,0,0,0,0,0,0,0,56.25,0,112.5,0,0,0,0,ng,Texas,4.467,4.7219,0.0004,0,307,Coast,29.425,-95.1872
13367,3007422,35.14,41.76,57.26,-12.49,1.04,135.0,1,112.5,33.75,0,0,0,0,0,0,0,0,56.25,0,112.5,0,0,0,0,ng,Texas,4.467,4.7219,0.0004,0,307,Coast,29.425,-95.1872
13368,3007422,35.14,41.76,57.26,-12.49,1.04,135.0,1,112.5,33.75,0,0,0,0,0,0,0,0,56.25,0,112.5,0,0,0,0,ng,Texas,4.467,4.7219,0.0004,0,307,Coast,29.425,-95.1872
13369,3007422,59.69,41.76,97.27,-21.21,1.04,229.32,1,191.1,57.33,0,0,0,0,0,0,0,0,95.55,0,191.1,0,0,0,0,ng,Texas,4.467,4.8272,0.0004,0,307,Coast,29.425,-95.1872
13370,3007422,53.79,41.76,87.65,-19.11,1.04,206.64,1,172.2,51.66,0,0,0,0,0,0,0,0,86.1,0,172.2,0,0,0,0,ng,Texas,4.467,4.8019,0.0004,0,307,Coast,29.425,-95.1872
13371,3007422,53.79,41.76,87.65,-19.11,1.04,206.64,1,172.2,51.66,0,0,0,0,0,0,0,0,86.1,0,172.2,0,0,0,0,ng,Texas,4.467,4.8019,0.0004,0,307,Coast,29.425,-95.1872
13372,3007422,53.79,41.76,87.65,-19.11,1.04,206.64,1,172.2,51.66,0,0,0,0,0,0,0,0,86.1,0,172.2,0,0,0,0,ng,Texas,4.467,4.8019,0.0004,0,307,Coast,29.425,-95.1872
13373,3007428,31.4,20.89,51.16,-11.16,1.04,120.62,1,100.52,30.16,0,0,0,0,0,0,0,0,50.26,0,100.52,0,0,0,0,ng,Texas,4.467,4.7058,0.0004,0,307,Coast,28.9913,-95.4075
13374,3007428,40.6,20.89,66.17,-14.43,1.04,156.0,1,130.0,39.0,0,0,0,0,0,0,0,0,65.0,0,130.0,0,0,0,0,ng,Texas,4.467,4.7453,0.0004,0,307,Coast,28.9913,-95.4075
13375,3007428,40.6,20.89,66.17,-14.43,1.04,156.0,1,130.0,39.0,0,0,0,0,0,0,0,0,65.0,0,130.0,0,0,0,0,ng,Texas,4.467,4.7453,0.0004,0,307,Coast,28.9913,-95.4075
13376,3007428,31.4,20.89,51.16,-11.16,1.04,120.62,1,100.52,30.16,0,0,0,0,0,0,0,0,50.26,0,100.52,0,0,0,0,ng,Texas,4.467,4.7058,0.0004,0,307,Coast,28.9913,-95.4075
13377,3007428,31.4,20.89,51.16,-11.16,1.04,120.62,1,100.52,30.16,0,0,0,0,0,0,0,0,50.26,0,100.52,0,0,0,0,ng,Texas,4.467,4.7058,0.0004,0,307,Coast,28.9913,-95.4075
13378,3007428,31.4,20.89,51.16,-11.16,1.04,120.62,1,100.52,30.16,0,0,0,0,0,0,0,0,50.26,0,100.52,0,0,0,0,ng,Texas,4.467,4.7058,0.0004,0,307,Coast,28.9913,-95.4075
13379,3007428,31.4,20.89,51.16,-11.16,1.04,120.62,1,100.52,30.16,0,0,0,0,0,0,0,0,50.26,0,100.52,0,0,0,0,ng,Texas,4.467,4.7058,0.0004,0,307,Coast,28.9913,-95.4075
13380,3007428,31.4,20.89,51.16,-11.16,1.04,120.62,1,100.52,30.16,0,0,0,0,0,0,0,0,50.26,0,100.52,0,0,0,0,ng,Texas,4.467,4.7058,0.0004,0,307,Coast,28.9913,-95.4075
13381,3007428,23.43,20.89,38.17,-8.33,1.04,90.0,1,75.0,22.5,0,0,0,0,0,0,0,0,37.5,0,75.0,0,0,0,0,ng,Texas,4.467,4.6716,0.0004,0,307,Coast,28.9913,-95.4075
13382,3007428,0.0,0.0,41.23,-8.99,1.04,97.2,0,81.0,24.3,0,0,0,0,0,0,0,0,40.5,0,81.0,0,0,0,0,ng,Texas,4.467,4.6797,0.0004,0,307,Coast,28.9913,-95.4075
13383,3007428,3.65,5.96,5.96,-1.3,1.04,14.04,1,11.7,3.51,0,0,0,0,0,0,0,0,5.85,0,11.7,0,0,0,0,ng,Texas,4.467,4.5868,0.0004,0,307,Coast,28.9913,-95.4075
13384,3008024,33.0,0.0,0.0,0.0,1.04,52.8,1,44.0,0.0,0,0,0,0,0,0,0,0,0.0,0,44.0,0,0,0,0,solar,Texas,0.0,0.0,0.0,0,308,East,31.3658,-94.7436
13385,3008033,0.0,0.0,119.58,-26.08,1.04,281.91,0,234.93,70.48,0,0,0,0,0,0,0,0,111.31,0,234.93,0,0,0,0,ng,Texas,5.424,4.8859,0.0004,0,308,East,30.5924,-95.9178
13386,3008034,0.0,0.0,119.58,-26.08,1.04,281.91,0,234.93,70.48,0,0,0,0,0,0,0,0,111.31,0,234.93,0,0,0,0,ng,Texas,5.424,4.8859,0.0004,0,308,East,30.5924,-95.9178
13387,3008035,0.0,0.0,119.58,-26.08,1.04,281.91,0,234.93,70.48,0,0,0,0,0,0,0,0,111.31,0,234.93,0,0,0,0,ng,Texas,5.424,4.8859,0.0004,0,308,East,30.5924,-95.9178
13388,3008036,0.0,0.0,119.58,-26.08,1.04,281.91,0,234.93,70.48,0,0,0,0,0,0,0,0,111.31,0,234.93,0,0,0,0,ng,Texas,5.424,4.8859,0.0004,0,308,East,30.5924,-95.9178
13389,3008046,172.42,-19.17,87.89,-19.17,1.01,207.2,1,172.67,51.8,0,0,0,0,0,0,0,0,86.33,0,172.67,0,0,0,0,ng,Texas,5.424,4.8025,0.0004,0,308,East,31.8907,-96.1131
13390,3008047,0.0,0.0,87.89,-19.17,1.01,207.2,0,172.67,51.8,0,0,0,0,0,0,0,0,86.33,0,172.67,0,0,0,0,ng,Texas,5.424,4.8025,0.0004,0,308,East,31.8907,-96.1131
13391,3008048,172.42,76.28,87.89,-19.17,1.04,207.2,1,172.67,51.8,0,0,0,0,0,0,0,0,86.33,0,172.67,0,0,0,0,ng,Texas,5.424,4.8025,0.0004,0,308,East,31.8907,-96.1131
13392,3008049,172.42,-19.17,87.89,-19.17,1.01,207.2,1,172.67,51.8,0,0,0,0,0,0,0,0,86.33,0,172.67,0,0,0,0,ng,Texas,5.424,4.8025,0.0004,0,308,East,31.8907,-96.1131
13393,3008050,0.0,0.0,87.89,-19.17,1.01,207.2,0,172.67,51.8,0,0,0,0,0,0,0,0,86.33,0,172.67,0,0,0,0,ng,Texas,5.424,4.8025,0.0004,0,308,East,31.8907,-96.1131
13394,3008051,0.0,0.0,87.89,-19.17,1.01,207.2,0,172.67,51.8,0,0,0,0,0,0,0,0,86.33,0,172.67,0,0,0,0,ng,Texas,5.424,4.8025,0.0004,0,308,East,31.8907,-96.1131
13395,3008060,0.0,0.0,276.52,-72.39,1.0,712.08,0,593.4,178.02,0,0,0,0,0,0,0,0,188.73,0,593.4,0,0,0,0,coal,Texas,2.748,8.0169,0.0008,0,308,East,31.8206,-96.0544
13396,3008061,0.0,0.0,276.52,-72.39,1.0,712.08,0,593.4,178.02,0,0,0,0,0,0,0,0,188.73,0,593.4,0,0,0,0,coal,Texas,2.748,8.0169,0.0008,0,308,East,31.8206,-96.0544
13397,3008070,0.0,0.0,431.0,-112.84,1.0,1109.88,0,924.9,277.47,0,0,0,0,0,0,0,0,230.28,0,924.9,0,0,0,0,coal,Texas,2.748,8.0169,0.0008,0,308,East,31.4219,-96.2525
13398,3008071,923.54,-112.84,431.0,-112.84,1.0,1109.88,1,924.9,277.47,0,0,0,0,0,0,0,0,230.28,0,924.9,0,0,0,0,coal,Texas,2.748,8.0169,0.0008,0,308,East,31.4219,-96.2525
13399,3008077,234.55,2.31,119.56,-26.07,1.03,281.88,1,234.9,70.47,0,0,0,0,0,0,0,0,111.3,0,234.9,0,0,0,0,ng,Texas,4.525,4.8859,0.0004,0,308,East,32.0178,-94.6197
13400,3008078,234.55,1.15,119.56,-26.07,1.03,281.88,1,234.9,70.47,0,0,0,0,0,0,0,0,111.3,0,234.9,0,0,0,0,ng,Texas,4.525,4.8859,0.0004,0,308,East,32.0178,-94.6197
13401,3008079,234.55,0.28,119.56,-26.07,1.03,281.88,1,234.9,70.47,0,0,0,0,0,0,0,0,111.3,0,234.9,0,0,0,0,ng,Texas,4.525,4.8859,0.0004,0,308,East,32.0178,-94.6197
13402,3008080,234.55,1.1,119.56,-26.07,1.03,281.88,1,234.9,70.47,0,0,0,0,0,0,0,0,111.3,0,234.9,0,0,0,0,ng,Texas,4.525,4.8859,0.0004,0,308,East,32.0178,-94.6197
13403,3008087,0.0,0.0,418.33,-109.52,1.04,1077.24,0,897.7,269.31,0,0,0,0,0,0,0,0,228.6,0,897.7,0,0,0,0,coal,Texas,2.748,8.0169,0.0008,0,308,East,31.1803,-96.4866
13404,3008088,896.38,112.95,418.33,-109.52,1.04,1077.24,1,897.7,269.31,0,0,0,0,0,0,0,0,228.6,0,897.7,0,0,0,0,coal,Texas,2.748,8.0169,0.0008,0,308,East,31.1803,-96.4866
13405,3008099,85.5,0.0,0.0,0.0,1.04,136.8,1,114.0,0.0,0,0,0,0,0,0,0,0,0.0,0,114.0,0,0,0,0,solar,Texas,0.0,0.0,0.0,0,308,East,31.8321,-94.9006
13406,3008115,0.0,0.0,4.66,-1.22,1.04,12.0,0,10.0,3.0,0,0,0,0,0,0,0,0,4.0,0,10.0,0,0,0,0,coal,Texas,3.215,8.0169,0.0008,0,308,East,31.9398,-94.9898
13407,3008116,0.0,0.0,163.89,-42.91,1.04,422.04,0,351.7,105.51,0,0,0,0,0,0,0,0,129.56,0,351.7,0,0,0,0,coal,Texas,3.215,8.0169,0.0008,0,308,East,31.9398,-94.9898
13408,3008117,230.48,55.6,163.89,-42.91,1.04,422.04,1,351.7,105.51,0,0,0,0,0,0,0,0,129.56,0,351.7,0,0,0,0,coal,Texas,3.215,8.0169,0.0008,0,308,East,31.9398,-94.9898
13409,3008129,659.03,-43.88,307.56,-80.52,1.03,792.0,1,660.0,198.0,0,0,0,0,0,0,0,0,200.75,0,660.0,0,0,0,0,coal,Texas,2.479,8.0169,0.0008,0,308,East,33.0917,-95.0417
13410,3008130,659.03,-6.48,307.56,-80.52,1.03,792.0,1,660.0,198.0,0,0,0,0,0,0,0,0,200.75,0,660.0,0,0,0,0,coal,Texas,2.479,8.0169,0.0008,0,308,East,33.0917,-95.0417
13411,3008131,659.03,-31.64,307.56,-80.52,1.03,792.0,1,660.0,198.0,0,0,0,0,0,0,0,0,200.75,0,660.0,0,0,0,0,coal,Texas,2.479,8.0169,0.0008,0,308,East,33.0917,-95.0417
13412,3008147,0.0,0.0,1.86,-0.49,1.03,4.8,0,4.0,1.2,0,0,0,0,0,0,0,0,1.6,0,4.0,0,0,0,0,coal,Texas,3.215,8.0169,0.0008,0,308,East,32.1245,-96.1013
13413,3008147,0.0,0.0,111.51,-29.19,1.03,287.16,0,239.3,71.79,0,0,0,0,0,0,0,0,93.76,0,239.3,0,0,0,0,coal,Texas,3.215,8.0169,0.0008,0,308,East,32.1245,-96.1013
13414,3008152,0.0,0.0,11.2,-2.44,1.0,26.4,0,22.0,6.6,0,0,0,0,0,0,0,0,11.0,0,22.0,0,0,0,0,ng,Texas,5.424,4.6006,0.0004,0,308,East,30.6474,-96.3723
13415,3008155,0.0,0.0,81.36,-21.3,1.0,209.52,0,174.6,52.38,0,0,0,0,0,0,0,0,69.84,0,174.6,0,0,0,0,coal,Texas,2.748,8.0169,0.0008,0,308,East,31.0919,-96.695
13416,3008155,174.34,-21.3,81.36,-21.3,1.0,209.52,1,174.6,52.38,0,0,0,0,0,0,0,0,69.84,0,174.6,0,0,0,0,coal,Texas,2.748,8.0169,0.0008,0,308,East,31.0919,-96.695
13417,3008158,0.0,0.0,53.44,-11.65,1.0,126.0,0,105.0,31.5,0,0,0,0,0,0,0,0,52.5,0,105.0,0,0,0,0,ng,Texas,5.424,4.7118,0.0004,0,308,East,30.7217,-96.4608
13418,3008158,0.0,0.0,49.98,-10.9,1.0,117.84,0,98.2,29.46,0,0,0,0,0,0,0,0,49.1,0,98.2,0,0,0,0,ng,Texas,5.424,4.7027,0.0004,0,308,East,30.7217,-96.4608
13461,3002063,0.0,0.0,0.0,0.0,1.0,100.0,1,80.0,0.0,0,0,0,0,0,0,0,0,0.0,0,0.0,0,0,0,0,hydro,Texas,0.0,0.0,0.0,0,302,North,33.7708,-96.6041
13462,3003050,0.0,0.0,0.0,0.0,1.0,100.0,1,75.8,0.0,0,0,0,0,0,0,0,0,0.0,0,0.0,0,0,0,0,hydro,Texas,0.0,0.0,0.0,0,303,West,29.8372,-101.212
13463,3006161,0.0,0.0,0.0,0.0,1.0,30.0,1,22.1,0.0,0,0,0,0,0,0,0,0,0.0,0,0.0,0,0,0,0,hydro,Texas,0.0,0.0,0.0,0,306,South Central,29.5931,-97.9732
13464,3005088,0.0,0.0,0.0,0.0,1.0,50.0,1,48.0,0.0,0,0,0,0,0,0,0,0,0.0,0,0.0,0,0,0,0,hydro,Texas,0.0,0.0,0.0,0,305,North Central,31.8694,-97.3667
13945,3007305,0.0,0.0,0.0,0.0,1.0,600.0,1,498.0,149.4,0,0,0,0,0,0,0,0,137.7,0,0.0,0,0,0,0,ng,Texas,3.797,4.578,0.00029,0,307,Coast,29.2878,-96.0683
13946,3005318,0.0,0.0,0.0,0.0,1.0,500.0,1,460.0,138.0,0,0,0,0,0,0,0,0,140.3,0,0.0,0,0,0,0,ng,Texas,3.797,5.509,0.00029,0,305,North Central,32.3342,-97.7317
13947,3007305,0.0,0.0,0.0,0.0,1.0,400.0,1,350.0,105.0,0,0,0,0,0,0,0,0,135.63,0,0.0,0,0,0,0,ng,Texas,3.796,3.746,0.00029,0,307,Coast,29.2878,-96.0683
13948,3007305,0.0,0.0,0.0,0.0,1.0,400.0,1,350.0,105.0,0,0,0,0,0,0,0,0,135.63,0,0.0,0,0,0,0,ng,Texas,3.796,3.403,0.00029,0,307,Coast,29.2878,-96.0683
13949,3005318,0.0,0.0,0.0,0.0,1.0,400.0,1,335.0,100.5,0,0,0,0,0,0,0,0,133.58,0,0.0,0,0,0,0,ng,Texas,3.796,5.325,0.00029,0,305,North Central,32.3342,-97.7317
13950,3005318,0.0,0.0,0.0,0.0,1.0,400.0,1,335.0,100.5,0,0,0,0,0,0,0,0,133.58,0,0.0,0,0,0,0,ng,Texas,3.796,4.325,0.00029,0,305,North Central,32.3342,-97.7317
13993,3001090,0.0,0.0,0.0,0.0,1.0,300.0,1,250.0,0.0,0,0,0,0,0,0,0,0,0.0,0,0.0,0,0,0,0,solar,Texas,0.0,0.0,0.0,0,301,Far West,31.995,-102.828
13994,3001038,0.0,0.0,0.0,0.0,1.0,300.0,1,202.0,0.0,0,0,0,0,0,0,0,0,0.0,0,0.0,0,0,0,0,solar,Texas,0.0,0.0,0.0,0,301,Far West,30.7726,-102.506
13995,3001008,0.0,0.0,0.0,0.0,1.0,200.0,1,182.0,0.0,0,0,0,0,0,0,0,0,0.0,0,0.0,0,0,0,0,solar,Texas,0.0,0.0,0.0,0,301,Far West,30.9315,-102.201
13996,3001032,0.0,0.0,0.0,0.0,1.0,200.0,1,180.0,0.0,0,0,0,0,0,0,0,0,0.0,0,0.0,0,0,0,0,solar,Texas,0.0,0.0,0.0,0,301,Far West,31.2092,-102.242
13997,3001032,0.0,0.0,0.0,0.0,1.0,200.0,1,150.0,0.0,0,0,0,0,0,0,0,0,0.0,0,0.0,0,0,0,0,solar,Texas,0.0,0.0,0.0,0,301,Far West,31.2092,-102.242
13998,3001008,0.0,0.0,0.0,0.0,1.0,150.0,1,118.5,0.0,0,0,0,0,0,0,0,0,0.0,0,0.0,0,0,0,0,solar,Texas,0.0,0.0,0.0,0,301,Far West,30.9315,-102.201
13999,3001008,0.0,0.0,0.0,0.0,1.0,150.0,1,116.0,0.0,0,0,0,0,0,0,0,0,0.0,0,0.0,0,0,0,0,solar,Texas,0.0,0.0,0.0,0,301,Far West,30.9315,-102.201
14000,3001089,0.0,0.0,0.0,0.0,1.0,150.0,1,100.0,0.0,0,0,0,0,0,0,0,0,0.0,0,0.0,0,0,0,0,solar,Texas,0.0,0.0,0.0,0,301,Far West,32.9296,-102.134
14001,3001013,0.0,0.0,0.0,0.0,1.0,150.0,1,100.0,0.0,0,0,0,0,0,0,0,0,0.0,0,0.0,0,0,0,0,solar,Texas,0.0,0.0,0.0,0,301,Far West,31.4846,-103.161
14002,3001040,0.0,0.0,0.0,0.0,1.0,150.0,1,100.0,0.0,0,0,0,0,0,0,0,0,0.0,0,0.0,0,0,0,0,solar,Texas,0.0,0.0,0.0,0,301,Far West,32.3357,-102.697
14003,3001008,0.0,0.0,0.0,0.0,1.0,75.0,1,50.0,0.0,0,0,0,0,0,0,0,0,0.0,0,0.0,0,0,0,0,solar,Texas,0.0,0.0,0.0,0,301,Far West,30.9315,-102.201
14004,3001015,0.0,0.0,0.0,0.0,1.0,75.0,1,50.0,0.0,0,0,0,0,0,0,0,0,0.0,0,0.0,0,0,0,0,solar,Texas,0.0,0.0,0.0,0,301,Far West,30.2853,-104.006
14005,3001089,0.0,0.0,0.0,0.0,1.0,75.0,1,50.0,0.0,0,0,0,0,0,0,0,0,0.0,0,0.0,0,0,0,0,solar,Texas,0.0,0.0,0.0,0,301,Far West,32.9296,-102.134
14006,3003111,0.0,0.0,0.0,0.0,1.0,50.0,1,30.0,0.0,0,0,0,0,0,0,0,0,0.0,0,0.0,0,0,0,0,solar,Texas,0.0,0.0,0.0,0,303,West,31.9519,-100.791
14020,3002010,0.0,0.0,0.0,0.0,1.0,400.0,1,352.8,0.0,0,0,0,0,0,0,0,0,0.0,0,0.0,0,0,0,0,wind,Texas,0.0,0.0,0.0,0,302,North,33.8998,-99.7735
14021,3001044,0.0,0.0,0.0,0.0,1.0,400.0,1,302.4,0.0,0,0,0,0,0,0,0,0,0.0,0,0.0,0,0,0,0,wind,Texas,0.0,0.0,0.0,0,301,Far West,31.2726,-101.173
14022,3001044,0.0,0.0,0.0,0.0,1.0,400.0,1,300.0,0.0,0,0,0,0,0,0,0,0,0.0,0,0.0,0,0,0,0,wind,Texas,0.0,0.0,0.0,0,301,Far West,31.2726,-101.173
14023,3001003,0.0,0.0,0.0,0.0,1.0,400.0,1,300.0,0.0,0,0,0,0,0,0,0,0,0.0,0,0.0,0,0,0,0,wind,Texas,0.0,0.0,0.0,0,301,Far West,32.9264,-101.648
14024,3004176,0.0,0.0,0.0,0.0,1.0,400.0,1,300.0,0.0,0,0,0,0,0,0,0,0,0.0,0,0.0,0,0,0,0,wind,Texas,0.0,0.0,0.0,0,304,South,27.5761,-98.9053
14025,3001046,0.0,0.0,0.0,0.0,1.0,400.0,1,300.0,0.0,0,0,0,0,0,0,0,0,0.0,0,0.0,0,0,0,0,wind,Texas,0.0,0.0,0.0,0,301,Far West,30.5756,-101.331
14026,3001028,0.0,0.0,0.0,0.0,1.0,300.0,1,253.0,0.0,0,0,0,0,0,0,0,0,0.0,0,0.0,0,0,0,0,wind,Texas,0.0,0.0,0.0,0,301,Far West,32.8795,-101.247
14027,3002108,0.0,0.0,0.0,0.0,1.0,300.0,1,250.0,0.0,0,0,0,0,0,0,0,0,0.0,0,0.0,0,0,0,0,wind,Texas,0.0,0.0,0.0,0,302,North,33.3228,-99.6421
14028,3004043,0.0,0.0,0.0,0.0,1.0,300.0,1,237.6,0.0,0,0,0,0,0,0,0,0,0.0,0,0.0,0,0,0,0,wind,Texas,0.0,0.0,0.0,0,304,South,26.6782,-99.1031
14029,3004020,0.0,0.0,0.0,0.0,1.0,300.0,1,249.0,0.0,0,0,0,0,0,0,0,0,0.0,0,0.0,0,0,0,0,wind,Texas,0.0,0.0,0.0,0,304,South,27.6579,-97.4798
14030,3004184,0.0,0.0,0.0,0.0,1.0,300.0,1,228.0,0.0,0,0,0,0,0,0,0,0,0.0,0,0.0,0,0,0,0,wind,Texas,0.0,0.0,0.0,0,304,South,26.4753,-97.6911
14031,3004020,0.0,0.0,0.0,0.0,1.0,300.0,1,226.1,0.0,0,0,0,0,0,0,0,0,0.0,0,0.0,0,0,0,0,wind,Texas,0.0,0.0,0.0,0,304,South,27.6579,-97.4798
14032,3002012,0.0,0.0,0.0,0.0,1.0,250.0,1,210.1,0.0,0,0,0,0,0,0,0,0,0.0,0,0.0,0,0,0,0,wind,Texas,0.0,0.0,0.0,0,302,North,35.2383,-101.311
14033,3004119,0.0,0.0,0.0,0.0,1.0,250.0,1,200.0,0.0,0,0,0,0,0,0,0,0,0.0,0,0.0,0,0,0,0,wind,Texas,0.0,0.0,0.0,0,304,South,26.5326,-99.113
14034,3004152,0.0,0.0,0.0,0.0,1.0,250.0,1,201.0,0.0,0,0,0,0,0,0,0,0,0.0,0,0.0,0,0,0,0,wind,Texas,0.0,0.0,0.0,0,304,South,27.0011,-97.5994
14035,3002061,0.0,0.0,0.0,0.0,1.0,250.0,1,200.2,0.0,0,0,0,0,0,0,0,0,0.0,0,0.0,0,0,0,0,wind,Texas,0.0,0.0,0.0,0,302,North,34.29,-99.3647
14036,3005129,0.0,0.0,0.0,0.0,1.0,250.0,1,200.0,0.0,0,0,0,0,0,0,0,0,0.0,0,0.0,0,0,0,0,wind,Texas,0.0,0.0,0.0,0,305,North Central,31.6274,-98.5467
14037,3004169,0.0,0.0,0.0,0.0,1.0,250.0,1,200.0,0.0,0,0,0,0,0,0,0,0,0.0,0,0.0,0,0,0,0,wind,Texas,0.0,0.0,0.0,0,304,South,28.1032,-97.808
14038,3003019,0.0,0.0,0.0,0.0,1.0,250.0,1,199.5,0.0,0,0,0,0,0,0,0,0,0.0,0,0.0,0,0,0,0,wind,Texas,0.0,0.0,0.0,0,303,West,31.0854,-100.679
14039,3001016,0.0,0.0,0.0,0.0,1.0,250.0,1,196.7,0.0,0,0,0,0,0,0,0,0,0.0,0,0.0,0,0,0,0,wind,Texas,0.0,0.0,0.0,0,301,Far West,31.7631,-101.502
14040,3002049,0.0,0.0,0.0,0.0,1.0,250.0,1,183.8,0.0,0,0,0,0,0,0,0,0,0.0,0,0.0,0,0,0,0,wind,Texas,0.0,0.0,0.0,0,302,North,34.1317,-99.1066
14041,3002012,0.0,0.0,0.0,0.0,1.0,200.0,1,163.0,0.0,0,0,0,0,0,0,0,0,0.0,0,0.0,0,0,0,0,wind,Texas,0.0,0.0,0.0,0,302,North,35.2383,-101.311
14042,3004182,0.0,0.0,0.0,0.0,1.0,200.0,1,162.9,0.0,0,0,0,0,0,0,0,0,0.0,0,0.0,0,0,0,0,wind,Texas,0.0,0.0,0.0,0,304,South,27.9958,-97.2967
14043,3003144,0.0,0.0,0.0,0.0,1.0,200.0,1,160.0,0.0,0,0,0,0,0,0,0,0,0.0,0,0.0,0,0,0,0,wind,Texas,0.0,0.0,0.0,0,303,West,31.4115,-99.6823
14044,3001028,0.0,0.0,0.0,0.0,1.0,200.0,1,158.0,0.0,0,0,0,0,0,0,0,0,0.0,0,0.0,0,0,0,0,wind,Texas,0.0,0.0,0.0,0,301,Far West,32.8795,-101.247
14045,3001028,0.0,0.0,0.0,0.0,1.0,200.0,1,155.4,0.0,0,0,0,0,0,0,0,0,0.0,0,0.0,0,0,0,0,wind,Texas,0.0,0.0,0.0,0,301,Far West,32.8795,-101.247
14046,3002048,0.0,0.0,0.0,0.0,1.0,200.0,1,151.2,0.0,0,0,0,0,0,0,0,0,0.0,0,0.0,0,0,0,0,wind,Texas,0.0,0.0,0.0,0,302,North,33.7745,-100.99
14047,3003142,0.0,0.0,0.0,0.0,1.0,200.0,1,150.0,0.0,0,0,0,0,0,0,0,0,0.0,0,0.0,0,0,0,0,wind,Texas,0.0,0.0,0.0,0,303,West,31.2895,-100.153
14048,3003051,0.0,0.0,0.0,0.0,1.0,200.0,1,149.3,0.0,0,0,0,0,0,0,0,0,0.0,0,0.0,0,0,0,0,wind,Texas,0.0,0.0,0.0,0,303,West,29.8372,-101.212
14049,3001091,0.0,0.0,0.0,0.0,1.0,200.0,1,148.4,0.0,0,0,0,0,0,0,0,0,0.0,0,0.0,0,0,0,0,wind,Texas,0.0,0.0,0.0,0,301,Far West,33.6587,-101.531
